year,ym,month,actual,pred,method
2020,2020-01,1,5457.007268229654,2418.568115410426,none
2020,2020-02,2,1887.3719771322812,2251.7017793096857,none
2020,2020-03,3,2128.2206493695803,1707.817052761696,none
2020,2020-04,4,1872.786298646229,1872.7985448369618,none
2020,2020-05,5,2064.6228446720447,2445.670668806208,none
2020,2020-06,6,3279.012342580697,2790.0941948957025,none
2020,2020-07,7,4978.318310098686,3828.239707042526,none
2020,2020-08,8,8838.360149034703,4925.188924766074,none
2020,2020-09,9,5619.295180086788,5759.139343968094,none
2020,2020-10,10,1850.8362528978846,3843.8534078609755,none
2020,2020-11,11,1891.802704312295,2676.240429363973,none
2020,2020-12,12,3405.9544521657504,3319.0156802919014,none
2021,2021-01,1,4971.971829364932,3752.2683781842643,none
2021,2021-02,2,2884.4024417256596,2652.5594035993995,none
2021,2021-03,3,2487.209310970788,1856.628719332232,none
2021,2021-04,4,2770.3748635386487,1864.0443086195078,none
2021,2021-05,5,2839.3721514512445,2380.721648914251,none
2021,2021-06,6,3669.2263773169398,2820.6382139804145,none
2021,2021-07,7,4977.055254217393,3707.330189821086,none
2021,2021-08,8,6991.9305302807,4801.153711256784,none
2021,2021-09,9,10460.64757946111,5250.171032220496,none
2021,2021-10,10,7891.324604968693,4144.240036426047,none
2021,2021-11,11,3310.0003088010235,2341.7139258749085,none
2021,2021-12,12,3159.872332558557,1893.3224727852723,none
2022,2022-01,1,4421.075539424003,2817.0817465927876,none
2022,2022-02,2,2395.2541250887098,2695.8527585142056,none
2022,2022-03,3,2578.482910297402,2103.1186066732266,none
2022,2022-04,4,3002.8055780281884,2217.5339000150498,none
2022,2022-05,5,2677.942836412439,2690.7263876183565,none
2022,2022-06,6,3948.8349480423194,3062.5867500962186,none
2022,2022-07,7,8792.50658310678,4203.911518245105,none
2022,2022-08,8,9409.868539984273,6656.0904244948015,none
2022,2022-09,9,5194.005474892095,6388.225376775807,none
2022,2022-10,10,3191.0285531273066,3615.674259247589,none
2022,2022-11,11,2019.4117429570485,2850.755365140135,none
2022,2022-12,12,5281.381163475159,3170.5542248490365,none
2023,2023-01,1,5637.419817242143,4078.8634252689544,none
2023,2023-02,2,3864.1014337678266,2820.0401103274244,none
2023,2023-03,3,3247.3347550611743,2032.8140373425676,none
2023,2023-04,4,2956.0400716665886,2154.8128306531926,none
2023,2023-05,5,2593.58892722053,2542.480812028283,none
2023,2023-06,6,3435.2640133088516,3162.7014922396124,none
2023,2023-07,7,9958.97262643662,4886.685552075041,none
2023,2023-08,8,6789.750961881995,8080.164490266483,none
2023,2023-09,9,7134.070422942123,5117.931354244862,none
2023,2023-10,10,5396.45378473103,3793.127762681735,none
2023,2023-11,11,3737.8953464860106,3159.545010485839,none
2023,2023-12,12,3183.764694039986,3139.6815271575924,none
2024,2024-01,1,4566.930488215524,3667.6216514165985,none
2024,2024-02,2,2857.18395087652,2909.0592729133296,none
2024,2024-03,3,3605.557850886509,2442.779638478435,none
2024,2024-04,4,2354.3771130985897,2576.8037462552556,none
2024,2024-05,5,2432.454660984288,2642.2377087282734,none
2024,2024-06,6,2735.6046494374705,3221.2482288727088,none
2024,2024-07,7,6768.9798004398635,5573.847985117557,none
2024,2024-08,8,8280.265680714458,7010.961935313494,none
2024,2024-09,9,13833.212743914744,7148.012002407176,none
2024,2024-10,10,10924.003764858491,6125.901833236283,none
2024,2024-11,11,3783.3289458904264,3235.186671438806,none
2024,2024-12,12,2953.1652291422224,2416.9572531847375,none
2025,2025-01,1,2729.5997918576377,3294.922793757032,none
2025,2025-02,2,2477.8812422779765,2683.3192558538076,none
2025,2025-03,3,2339.8628511090333,2665.054540895771,none
2025,2025-04,4,2448.7021792584655,2550.9477074621236,none
2025,2025-05,5,3149.438992754348,2731.7751994319374,none
2025,2025-06,6,2655.27192378158,3305.8847408982965,none
2025,2025-07,7,4755.754584835337,5208.723110760482,none
2025,2025-08,8,6177.820058675944,6880.91565810694,none
2025,2025-09,9,9189.889464429847,9343.902518734501,none
2025,2025-10,10,7897.762139341014,7755.93836038362,none
2025,2025-11,11,3488.7216959787406,3792.6212026934577,none
2025,2025-12,12,3536.288227656001,2878.714435258274,none
2020,2020-01,1,5457.007268229654,2492.4890279214524,smearing
2020,2020-02,2,1887.3719771322812,2324.939906870241,smearing
2020,2020-03,3,2128.2206493695803,1760.1780857605897,smearing
2020,2020-04,4,1872.786298646229,1930.0923652438444,smearing
2020,2020-05,5,2064.6228446720447,2524.744976791363,smearing
2020,2020-06,6,3279.012342580697,2887.6752220877206,smearing
2020,2020-07,7,4978.318310098686,3958.948016008752,smearing
2020,2020-08,8,8838.360149034703,5084.680072462847,smearing
2020,2020-09,9,5619.295180086788,5925.830888021483,smearing
2020,2020-10,10,1850.8362528978846,3960.2493641217643,smearing
2020,2020-11,11,1891.802704312295,2766.249399585766,smearing
2020,2020-12,12,3405.9544521657504,3431.949331175764,smearing
2021,2021-01,1,4971.971829364932,3916.877491598286,smearing
2021,2021-02,2,2884.4024417256596,2775.02279979296,smearing
2021,2021-03,3,2487.209310970788,1935.4920323596612,smearing
2021,2021-04,4,2770.3748635386487,1942.5989643265984,smearing
2021,2021-05,5,2839.3721514512445,2485.5667422053557,smearing
2021,2021-06,6,3669.2263773169398,2949.2444622915446,smearing
2021,2021-07,7,4977.055254217393,3870.156097979305,smearing
2021,2021-08,8,6991.9305302807,4995.623240674851,smearing
2021,2021-09,9,10460.64757946111,5457.0581269010145,smearing
2021,2021-10,10,7891.324604968693,4329.367494933551,smearing
2021,2021-11,11,3310.0003088010235,2446.3411444518847,smearing
2021,2021-12,12,3159.872332558557,1964.4007021175264,smearing
2022,2022-01,1,4421.075539424003,2926.6585846910943,smearing
2022,2022-02,2,2395.2541250887098,2818.4988153529703,smearing
2022,2022-03,3,2578.482910297402,2194.477268954788,smearing
2022,2022-04,4,3002.8055780281884,2313.88880711409,smearing
2022,2022-05,5,2677.942836412439,2811.2878991494254,smearing
2022,2022-06,6,3948.8349480423194,3200.947196549666,smearing
2022,2022-07,7,8792.50658310678,4390.553233092607,smearing
2022,2022-08,8,9409.868539984273,6950.918342575573,smearing
2022,2022-09,9,5194.005474892095,6649.393777476556,smearing
2022,2022-10,10,3191.0285531273066,3760.397535171971,smearing
2022,2022-11,11,2019.4117429570485,2980.3034095294165,smearing
2022,2022-12,12,5281.381163475159,3311.6354177293547,smearing
2023,2023-01,1,5637.419817242143,4265.164263890636,smearing
2023,2023-02,2,3864.1014337678266,2955.0289586696626,smearing
2023,2023-03,3,3247.3347550611743,2123.2595245852362,smearing
2023,2023-04,4,2956.0400716665886,2250.203230930526,smearing
2023,2023-05,5,2593.58892722053,2659.3384731721185,smearing
2023,2023-06,6,3435.2640133088516,3310.0594487487488,smearing
2023,2023-07,7,9958.97262643662,5109.849602343002,smearing
2023,2023-08,8,6789.750961881995,8463.06563688985,smearing
2023,2023-09,9,7134.070422942123,5324.277596989909,smearing
2023,2023-10,10,5396.45378473103,3958.3582923424324,smearing
2023,2023-11,11,3737.8953464860106,3313.567024784941,smearing
2023,2023-12,12,3183.764694039986,3279.943944565745,smearing
2024,2024-01,1,4566.930488215524,3774.4429107337537,smearing
2024,2024-02,2,2857.18395087652,3014.2981524134093,smearing
2024,2024-03,3,3605.557850886509,2525.225187171998,smearing
2024,2024-04,4,2354.3771130985897,2664.5279722282853,smearing
2024,2024-05,5,2432.454660984288,2733.6421197119985,smearing
2024,2024-06,6,2735.6046494374705,3333.7191431106035,smearing
2024,2024-07,7,6768.9798004398635,5756.442729277917,smearing
2024,2024-08,8,8280.265680714458,7247.363624357581,smearing
2024,2024-09,9,13833.212743914744,7380.97711600597,smearing
2024,2024-10,10,10924.003764858491,6365.164651192041,smearing
2024,2024-11,11,3783.3289458904264,3358.520603303821,smearing
2024,2024-12,12,2953.1652291422224,2475.4107018113177,smearing
2025,2025-01,1,2729.5997918576377,3377.549447024033,smearing
2025,2025-02,2,2477.8812422779765,2772.0989370091424,smearing
2025,2025-03,3,2339.8628511090333,2753.4714903776858,smearing
2025,2025-04,4,2448.7021792584655,2635.1175992152125,smearing
2025,2025-05,5,3149.438992754348,2825.587657724046,smearing
2025,2025-06,6,2655.27192378158,3420.491270891396,smearing
2025,2025-07,7,4755.754584835337,5362.663694956691,smearing
2025,2025-08,8,6177.820058675944,7098.896746003792,smearing
2025,2025-09,9,9189.889464429847,9670.136037266398,smearing
2025,2025-10,10,7897.762139341014,8057.508232188667,smearing
2025,2025-11,11,3488.7216959787406,3938.9706071384353,smearing
2025,2025-12,12,3536.288227656001,2962.182257356489,smearing
2020,2020-01,1,5457.007268229654,2491.633153262965,analytic
2020,2020-02,2,1887.3719771322812,2324.0919376652514,analytic
2020,2020-03,3,2128.2206493695803,1759.5718367342502,analytic
2020,2020-04,4,1872.786298646229,1929.4290031814942,analytic
2020,2020-05,5,2064.6228446720447,2523.8294348419618,analytic
2020,2020-06,6,3279.012342580697,2886.545404753413,analytic
2020,2020-07,7,4978.318310098686,3957.4346427900277,analytic
2020,2020-08,8,8838.360149034703,5082.833444398749,analytic
2020,2020-09,9,5619.295180086788,5923.9008919825665,analytic
2020,2020-10,10,1850.8362528978846,3958.90170287233,analytic
2020,2020-11,11,1891.802704312295,2765.2072534050376,analytic
2020,2020-12,12,3405.9544521657504,3430.6417573566846,analytic
2021,2021-01,1,4971.971829364932,3910.5745176125115,analytic
2021,2021-02,2,2884.4024417256596,2770.333608627243,analytic
2021,2021-03,3,2487.209310970788,1932.472312490363,analytic
2021,2021-04,4,2770.3748635386487,1939.5910631167917,analytic
2021,2021-05,5,2839.3721514512445,2481.552165601157,analytic
2021,2021-06,6,3669.2263773169398,2944.3200579210875,analytic
2021,2021-07,7,4977.055254217393,3863.9214039089347,analytic
2021,2021-08,8,6991.9305302807,4988.176894846691,analytic
2021,2021-09,9,10460.64757946111,5449.136305631715,analytic
2021,2021-10,10,7891.324604968693,4322.278862166965,analytic
2021,2021-11,11,3310.0003088010235,2442.33491039098,analytic
2021,2021-12,12,3159.872332558557,1961.679077408272,analytic
2022,2022-01,1,4421.075539424003,2930.071997999915,analytic
2022,2022-02,2,2395.2541250887098,2822.319346132588,analytic
2022,2022-03,3,2578.482910297402,2197.3231703251863,analytic
2022,2022-04,4,3002.8055780281884,2316.89034583313,analytic
2022,2022-05,5,2677.942836412439,2815.043494539232,analytic
2022,2022-06,6,3948.8349480423194,3205.257244161323,analytic
2022,2022-07,7,8792.50658310678,4396.367283986008,analytic
2022,2022-08,8,9409.868539984273,6960.10248729862,analytic
2022,2022-09,9,5194.005474892095,6657.529399112175,analytic
2022,2022-10,10,3191.0285531273066,3764.905790426546,analytic
2022,2022-11,11,2019.4117429570485,2984.3389431925916,analytic
2022,2022-12,12,5281.381163475159,3316.0302189461036,analytic
2023,2023-01,1,5637.419817242143,4268.4632472456115,analytic
2023,2023-02,2,3864.1014337678266,2957.4193180855564,analytic
2023,2023-03,3,3247.3347550611743,2124.861117788754,analytic
2023,2023-04,4,2956.0400716665886,2251.8923878074756,analytic
2023,2023-05,5,2593.58892722053,2661.407768629224,analytic
2023,2023-06,6,3435.2640133088516,3312.668838214429,analytic
2023,2023-07,7,9958.97262643662,5113.801353138701,analytic
2023,2023-08,8,6789.750961881995,8469.845984840278,analytic
2023,2023-09,9,7134.070422942123,5327.931540929259,analytic
2023,2023-10,10,5396.45378473103,3961.284166273635,analytic
2023,2023-11,11,3737.8953464860106,3316.2944202450562,analytic
2023,2023-12,12,3183.764694039986,3282.4276874398056,analytic
2024,2024-01,1,4566.930488215524,3777.3293530317405,analytic
2024,2024-02,2,2857.18395087652,3017.141836855285,analytic
2024,2024-03,3,3605.557850886509,2527.452967677031,analytic
2024,2024-04,4,2354.3771130985897,2666.898389109956,analytic
2024,2024-05,5,2432.454660984288,2736.1119797358597,analytic
2024,2024-06,6,2735.6046494374705,3336.7582460590684,analytic
2024,2024-07,7,6768.9798004398635,5761.376664679013,analytic
2024,2024-08,8,8280.265680714458,7253.751489834306,analytic
2024,2024-09,9,13833.212743914744,7387.272120971698,analytic
2024,2024-10,10,10924.003764858491,6371.629827904033,analytic
2024,2024-11,11,3783.3289458904264,3361.853238399006,analytic
2024,2024-12,12,2953.1652291422224,2476.990186154205,analytic
2025,2025-01,1,2729.5997918576377,3380.8135832549933,analytic
2025,2025-02,2,2477.8812422779765,2775.606146394664,analytic
2025,2025-03,3,2339.8628511090333,2756.96437017886,analytic
2025,2025-04,4,2448.7021792584655,2638.442700527733,analytic
2025,2025-05,5,3149.438992754348,2829.2936851609466,analytic
2025,2025-06,6,2655.27192378158,3425.0187606548543,analytic
2025,2025-07,7,4755.754584835337,5368.745062389866,analytic
2025,2025-08,8,6177.820058675944,7107.508010511494,analytic
2025,2025-09,9,9189.889464429847,9683.023775126876,analytic
2025,2025-10,10,7897.762139341014,8069.4216415524,analytic
2025,2025-11,11,3488.7216959787406,3944.752087744756,analytic
2025,2025-12,12,3536.288227656001,2965.479623659706,analytic
2020,2020-01,1,5457.007268229654,2418.568115410426,calib
2020,2020-02,2,1887.3719771322812,2251.7017793096857,calib
2020,2020-03,3,2128.2206493695803,1707.817052761696,calib
2020,2020-04,4,1872.786298646229,1872.7985448369618,calib
2020,2020-05,5,2064.6228446720447,2445.670668806208,calib
2020,2020-06,6,3279.012342580697,2790.0941948957025,calib
2020,2020-07,7,4978.318310098686,3828.239707042526,calib
2020,2020-08,8,8838.360149034703,4925.188924766074,calib
2020,2020-09,9,5619.295180086788,5759.139343968094,calib
2020,2020-10,10,1850.8362528978846,3843.8534078609755,calib
2020,2020-11,11,1891.802704312295,2676.240429363973,calib
2020,2020-12,12,3405.9544521657504,3319.0156802919014,calib
2021,2021-01,1,4971.971829364932,4259.335200913392,calib
2021,2021-02,2,2884.4024417256596,3029.799301929341,calib
2021,2021-03,3,2487.209310970788,2099.561621024811,calib
2021,2021-04,4,2770.3748635386487,2106.0264130962464,calib
2021,2021-05,5,2839.3721514512445,2703.6896014852828,calib
2021,2021-06,6,3669.2263773169398,3216.800737195141,calib
2021,2021-07,7,4977.055254217393,4208.903973892874,calib
2021,2021-08,8,6991.9305302807,5400.2034500864265,calib
2021,2021-09,9,10460.64757946111,5887.472209461237,calib
2021,2021-10,10,7891.324604968693,4714.512181378397,calib
2021,2021-11,11,3310.0003088010235,2664.0107306780274,calib
2021,2021-12,12,3159.872332558557,2112.2739704588416,calib
2022,2022-01,1,4421.075539424003,3568.5604578015486,calib
2022,2022-02,2,2395.2541250887098,3536.960261957083,calib
2022,2022-03,3,2578.482910297402,2729.6569425167118,calib
2022,2022-04,4,3002.8055780281884,2878.336517265835,calib
2022,2022-05,5,2677.942836412439,3517.5380649681474,calib
2022,2022-06,6,3948.8349480423194,4011.4636458670575,calib
2022,2022-07,7,8792.50658310678,5483.901685560954,calib
2022,2022-08,8,9409.868539984273,8678.022319526583,calib
2022,2022-09,9,5194.005474892095,8179.320069533553,calib
2022,2022-10,10,3191.0285531273066,4608.187483401708,calib
2022,2022-11,11,2019.4117429570485,3739.196746793553,calib
2022,2022-12,12,5281.381163475159,4138.09001837486,calib
2023,2023-01,1,5637.419817242143,5182.528926896123,calib
2023,2023-02,2,3864.1014337678266,3619.7280565649958,calib
2023,2023-03,3,3247.3347550611743,2568.622489876161,calib
2023,2023-04,4,2956.0400716665886,2719.9154611694626,calib
2023,2023-05,5,2593.58892722053,3234.757723712991,calib
2023,2023-06,6,3435.2640133088516,4035.665318879538,calib
2023,2023-07,7,9958.97262643662,6208.732545026551,calib
2023,2023-08,8,6789.750961881995,10348.510618969933,calib
2023,2023-09,9,7134.070422942123,6340.34791013894,calib
2023,2023-10,10,5396.45378473103,4771.970567423,calib
2023,2023-11,11,3737.8953464860106,4071.9874070455157,calib
2023,2023-12,12,3183.764694039986,3970.6106438137103,calib
2024,2024-01,1,4566.930488215524,4313.752859322642,calib
2024,2024-02,2,2857.18395087652,3545.6191184416157,calib
2024,2024-03,3,3605.557850886509,2941.469153134749,calib
2024,2024-04,4,2354.3771130985897,3107.422468154874,calib
2024,2024-05,5,2432.454660984288,3195.1168158871415,calib
2024,2024-06,6,2735.6046494374705,3901.5525815396813,calib
2024,2024-07,7,6768.9798004398635,6678.311304084264,calib
2024,2024-08,8,8280.265680714458,8440.88805553996,calib
2024,2024-09,9,13833.212743914744,8557.151261874635,calib
2024,2024-10,10,10924.003764858491,7573.134102926723,calib
2024,2024-11,11,3783.3289458904264,3981.1983069611197,calib
2024,2024-12,12,2953.1652291422224,2770.5254249962136,calib
2025,2025-01,1,2729.5997918576377,3790.133033882892,calib
2025,2025-02,2,2477.8812422779765,3215.406729869765,calib
2025,2025-03,3,2339.8628511090333,3194.968037968536,calib
2025,2025-04,4,2448.7021792584655,3055.40711200467,calib
2025,2025-05,5,3149.438992754348,3294.0258553735625,calib
2025,2025-06,6,2655.27192378158,3992.761493058132,calib
2025,2025-07,7,4755.754584835337,6131.34251564646,calib
2025,2025-08,8,6177.820058675944,8187.352051354971,calib
2025,2025-09,9,9189.889464429847,11299.133339075699,calib
2025,2025-10,10,7897.762139341014,9563.35137696462,calib
2025,2025-11,11,3488.7216959787406,4669.744029915824,calib
2025,2025-12,12,3536.288227656001,3378.966092438097,calib
2020,2020-01,1,5457.007268229654,2645.7711790935446,q55
2020,2020-02,2,1887.3719771322812,2258.3341034444798,q55
2020,2020-03,3,2128.2206493695803,2177.492412752794,q55
2020,2020-04,4,1872.786298646229,2312.0819803982004,q55
2020,2020-05,5,2064.6228446720447,2613.2147268665717,q55
2020,2020-06,6,3279.012342580697,2720.91677747789,q55
2020,2020-07,7,4978.318310098686,3413.73015223329,q55
2020,2020-08,8,8838.360149034703,4473.075624755377,q55
2020,2020-09,9,5619.295180086788,5660.860878782656,q55
2020,2020-10,10,1850.8362528978846,4929.407255091108,q55
2020,2020-11,11,1891.802704312295,3243.6715657611467,q55
2020,2020-12,12,3405.9544521657504,3060.286222930212,q55
2021,2021-01,1,4971.971829364932,3922.560341938346,q55
2021,2021-02,2,2884.4024417256596,2749.93420115452,q55
2021,2021-03,3,2487.209310970788,1965.364275841132,q55
2021,2021-04,4,2770.3748635386487,1981.9464372962989,q55
2021,2021-05,5,2839.3721514512445,2524.9738837319787,q55
2021,2021-06,6,3669.2263773169398,3005.6863871024693,q55
2021,2021-07,7,4977.055254217393,3977.298209912987,q55
2021,2021-08,8,6991.9305302807,5389.869828402649,q55
2021,2021-09,9,10460.64757946111,5541.69853787268,q55
2021,2021-10,10,7891.324604968693,4225.950118138393,q55
2021,2021-11,11,3310.0003088010235,2379.8883068016,q55
2021,2021-12,12,3159.872332558557,1929.4370159052912,q55
2022,2022-01,1,4421.075539424003,2992.5451488954304,q55
2022,2022-02,2,2395.2541250887098,2997.9241803326076,q55
2022,2022-03,3,2578.482910297402,2163.561037794289,q55
2022,2022-04,4,3002.8055780281884,2313.117731592442,q55
2022,2022-05,5,2677.942836412439,2867.663239918553,q55
2022,2022-06,6,3948.8349480423194,3248.0375828910155,q55
2022,2022-07,7,8792.50658310678,4713.760372100523,q55
2022,2022-08,8,9409.868539984273,9056.204350244625,q55
2022,2022-09,9,5194.005474892095,8912.598957357854,q55
2022,2022-10,10,3191.0285531273066,4152.416826189584,q55
2022,2022-11,11,2019.4117429570485,2946.96945839423,q55
2022,2022-12,12,5281.381163475159,3197.071726389453,q55
2023,2023-01,1,5637.419817242143,4783.513680150075,q55
2023,2023-02,2,3864.1014337678266,3368.644325267799,q55
2023,2023-03,3,3247.3347550611743,2129.726534993294,q55
2023,2023-04,4,2956.0400716665886,2198.18290106128,q55
2023,2023-05,5,2593.58892722053,2593.2945868943475,q55
2023,2023-06,6,3435.2640133088516,3131.2346454823296,q55
2023,2023-07,7,9958.97262643662,4830.485954545313,q55
2023,2023-08,8,6789.750961881995,10595.649772136563,q55
2023,2023-09,9,7134.070422942123,5504.232138661746,q55
2023,2023-10,10,5396.45378473103,4131.117401679758,q55
2023,2023-11,11,3737.8953464860106,3394.1548094650007,q55
2023,2023-12,12,3183.764694039986,3142.3406407531397,q55
2024,2024-01,1,4566.930488215524,3691.061789765312,q55
2024,2024-02,2,2857.18395087652,3164.7103724688395,q55
2024,2024-03,3,3605.557850886509,2516.0824527165323,q55
2024,2024-04,4,2354.3771130985897,2709.619970214124,q55
2024,2024-05,5,2432.454660984288,2698.101898406401,q55
2024,2024-06,6,2735.6046494374705,3263.6826835672227,q55
2024,2024-07,7,6768.9798004398635,5406.829532357289,q55
2024,2024-08,8,8280.265680714458,7749.846571975192,q55
2024,2024-09,9,13833.212743914744,7926.640009231942,q55
2024,2024-10,10,10924.003764858491,8085.537874251893,q55
2024,2024-11,11,3783.3289458904264,3716.6225511294924,q55
2024,2024-12,12,2953.1652291422224,2292.5383069722902,q55
2025,2025-01,1,2729.5997918576377,3564.4601494681337,q55
2025,2025-02,2,2477.8812422779765,2837.648290866742,q55
2025,2025-03,3,2339.8628511090333,2724.1798644120936,q55
2025,2025-04,4,2448.7021792584655,2552.564372460429,q55
2025,2025-05,5,3149.438992754348,2718.4075300356712,q55
2025,2025-06,6,2655.27192378158,3338.3958934384655,q55
2025,2025-07,7,4755.754584835337,5360.472391675028,q55
2025,2025-08,8,6177.820058675944,7380.818545708604,q55
2025,2025-09,9,9189.889464429847,10498.786714042268,q55
2025,2025-10,10,7897.762139341014,9262.624434195335,q55
2025,2025-11,11,3488.7216959787406,4583.277305249767,q55
2025,2025-12,12,3536.288227656001,3247.6160647434617,q55
2020,2020-01,1,5457.007268229654,3098.1065394043835,q60
2020,2020-02,2,1887.3719771322812,3117.392325713743,q60
2020,2020-03,3,2128.2206493695803,2139.9183175551257,q60
2020,2020-04,4,1872.786298646229,2320.7271102130253,q60
2020,2020-05,5,2064.6228446720447,2576.3594192770192,q60
2020,2020-06,6,3279.012342580697,2936.9289098008567,q60
2020,2020-07,7,4978.318310098686,4120.424424087472,q60
2020,2020-08,8,8838.360149034703,5858.150290316358,q60
2020,2020-09,9,5619.295180086788,9454.238863093182,q60
2020,2020-10,10,1850.8362528978846,6204.922559625778,q60
2020,2020-11,11,1891.802704312295,3455.919542258598,q60
2020,2020-12,12,3405.9544521657504,3053.8372410551588,q60
2021,2021-01,1,4971.971829364932,3310.528284084553,q60
2021,2021-02,2,2884.4024417256596,2388.84220917375,q60
2021,2021-03,3,2487.209310970788,2169.8216136593837,q60
2021,2021-04,4,2770.3748635386487,2243.078108816841,q60
2021,2021-05,5,2839.3721514512445,2619.2440894598058,q60
2021,2021-06,6,3669.2263773169398,3171.126758094899,q60
2021,2021-07,7,4977.055254217393,4195.304092448455,q60
2021,2021-08,8,6991.9305302807,5771.606274628961,q60
2021,2021-09,9,10460.64757946111,5801.258869534184,q60
2021,2021-10,10,7891.324604968693,4440.547422755869,q60
2021,2021-11,11,3310.0003088010235,3361.9428010310353,q60
2021,2021-12,12,3159.872332558557,3001.1772527014914,q60
2022,2022-01,1,4421.075539424003,3349.8412761343566,q60
2022,2022-02,2,2395.2541250887098,2951.677300809481,q60
2022,2022-03,3,2578.482910297402,2312.177997552681,q60
2022,2022-04,4,3002.8055780281884,2438.222364912464,q60
2022,2022-05,5,2677.942836412439,2898.1444950881787,q60
2022,2022-06,6,3948.8349480423194,3388.4241833761876,q60
2022,2022-07,7,8792.50658310678,4788.227054242457,q60
2022,2022-08,8,9409.868539984273,8275.287833979806,q60
2022,2022-09,9,5194.005474892095,9181.53035644627,q60
2022,2022-10,10,3191.0285531273066,5353.976406185025,q60
2022,2022-11,11,2019.4117429570485,3734.397943786829,q60
2022,2022-12,12,5281.381163475159,3525.9886765081824,q60
2023,2023-01,1,5637.419817242143,4572.394859237908,q60
2023,2023-02,2,3864.1014337678266,3322.4835503820627,q60
2023,2023-03,3,3247.3347550611743,2365.888499664962,q60
2023,2023-04,4,2956.0400716665886,2453.619071212852,q60
2023,2023-05,5,2593.58892722053,2811.4853768566636,q60
2023,2023-06,6,3435.2640133088516,3412.6223080351556,q60
2023,2023-07,7,9958.97262643662,5365.805941388811,q60
2023,2023-08,8,6789.750961881995,10769.637763862358,q60
2023,2023-09,9,7134.070422942123,6233.446243413758,q60
2023,2023-10,10,5396.45378473103,4809.1321695592615,q60
2023,2023-11,11,3737.8953464860106,3760.8229851906303,q60
2023,2023-12,12,3183.764694039986,3543.6924462648794,q60
2024,2024-01,1,4566.930488215524,3948.1938992407577,q60
2024,2024-02,2,2857.18395087652,3287.009592671965,q60
2024,2024-03,3,3605.557850886509,2586.7286845930944,q60
2024,2024-04,4,2354.3771130985897,2718.840564771048,q60
2024,2024-05,5,2432.454660984288,2685.371868504295,q60
2024,2024-06,6,2735.6046494374705,3252.1187344102755,q60
2024,2024-07,7,6768.9798004398635,5640.2414389775695,q60
2024,2024-08,8,8280.265680714458,7812.554446880537,q60
2024,2024-09,9,13833.212743914744,8177.130020622673,q60
2024,2024-10,10,10924.003764858491,8218.923758416284,q60
2024,2024-11,11,3783.3289458904264,3964.1625734095624,q60
2024,2024-12,12,2953.1652291422224,2473.308838269126,q60
2025,2025-01,1,2729.5997918576377,3646.672601781328,q60
2025,2025-02,2,2477.8812422779765,2902.5719316791387,q60
2025,2025-03,3,2339.8628511090333,2782.0702252911947,q60
2025,2025-04,4,2448.7021792584655,2584.51075297216,q60
2025,2025-05,5,3149.438992754348,2739.8965680062374,q60
2025,2025-06,6,2655.27192378158,3351.3589928066376,q60
2025,2025-07,7,4755.754584835337,5432.761389299307,q60
2025,2025-08,8,6177.820058675944,7503.545477002077,q60
2025,2025-09,9,9189.889464429847,10894.272082567946,q60
2025,2025-10,10,7897.762139341014,9546.223128594145,q60
2025,2025-11,11,3488.7216959787406,4649.104404968599,q60
2025,2025-12,12,3536.288227656001,3313.484454873116,q60
2020,2020-01,1,5457.007268229654,3141.9070766168143,q65
2020,2020-02,2,1887.3719771322812,3178.0444209871343,q65
2020,2020-03,3,2128.2206493695803,2181.042318046404,q65
2020,2020-04,4,1872.786298646229,2361.9499001195136,q65
2020,2020-05,5,2064.6228446720447,2612.286053319663,q65
2020,2020-06,6,3279.012342580697,2963.5940465324175,q65
2020,2020-07,7,4978.318310098686,4135.291156755626,q65
2020,2020-08,8,8838.360149034703,5859.142990505598,q65
2020,2020-09,9,5619.295180086788,9451.2096379214,q65
2020,2020-10,10,1850.8362528978846,6209.659699562149,q65
2020,2020-11,11,1891.802704312295,3467.8003738439174,q65
2020,2020-12,12,3405.9544521657504,3080.85525302438,q65
2021,2021-01,1,4971.971829364932,3166.861856710025,q65
2021,2021-02,2,2884.4024417256596,2632.222920650218,q65
2021,2021-03,3,2487.209310970788,2237.6707450820545,q65
2021,2021-04,4,2770.3748635386487,2317.7534728807937,q65
2021,2021-05,5,2839.3721514512445,2748.278043454685,q65
2021,2021-06,6,3669.2263773169398,3349.342674101749,q65
2021,2021-07,7,4977.055254217393,4523.947833253041,q65
2021,2021-08,8,6991.9305302807,6074.6370592393905,q65
2021,2021-09,9,10460.64757946111,7204.454086856016,q65
2021,2021-10,10,7891.324604968693,7280.5020494223045,q65
2021,2021-11,11,3310.0003088010235,5117.602110731421,q65
2021,2021-12,12,3159.872332558557,3462.8025482763346,q65
2022,2022-01,1,4421.075539424003,3398.399160836237,q65
2022,2022-02,2,2395.2541250887098,2968.743676879627,q65
2022,2022-03,3,2578.482910297402,2331.82210947671,q65
2022,2022-04,4,3002.8055780281884,2450.0854453990205,q65
2022,2022-05,5,2677.942836412439,2898.425362872517,q65
2022,2022-06,6,3948.8349480423194,3391.3126386262384,q65
2022,2022-07,7,8792.50658310678,4783.875770077527,q65
2022,2022-08,8,9409.868539984273,8211.438456270764,q65
2022,2022-09,9,5194.005474892095,9192.1269901604,q65
2022,2022-10,10,3191.0285531273066,5452.584471036209,q65
2022,2022-11,11,2019.4117429570485,3812.1052170695984,q65
2022,2022-12,12,5281.381163475159,3579.8112501186747,q65
2023,2023-01,1,5637.419817242143,5067.250150621817,q65
2023,2023-02,2,3864.1014337678266,3533.3855309135283,q65
2023,2023-03,3,3247.3347550611743,2342.847852307006,q65
2023,2023-04,4,2956.0400716665886,2391.7690055956127,q65
2023,2023-05,5,2593.58892722053,2738.77429862982,q65
2023,2023-06,6,3435.2640133088516,3320.5553177950073,q65
2023,2023-07,7,9958.97262643662,5309.577133115462,q65
2023,2023-08,8,6789.750961881995,10866.277365579115,q65
2023,2023-09,9,7134.070422942123,5980.272459348822,q65
2023,2023-10,10,5396.45378473103,4574.397693057692,q65
2023,2023-11,11,3737.8953464860106,3766.3669787702447,q65
2023,2023-12,12,3183.764694039986,3648.319168049935,q65
2024,2024-01,1,4566.930488215524,4193.69608358904,q65
2024,2024-02,2,2857.18395087652,3314.7313398258802,q65
2024,2024-03,3,3605.557850886509,2641.6752317840737,q65
2024,2024-04,4,2354.3771130985897,2730.257802148472,q65
2024,2024-05,5,2432.454660984288,2701.2569915083027,q65
2024,2024-06,6,2735.6046494374705,3293.729639764595,q65
2024,2024-07,7,6768.9798004398635,5985.350312300814,q65
2024,2024-08,8,8280.265680714458,7856.194654172263,q65
2024,2024-09,9,13833.212743914744,8525.897516424286,q65
2024,2024-10,10,10924.003764858491,8472.296160317152,q65
2024,2024-11,11,3783.3289458904264,4507.022104894166,q65
2024,2024-12,12,2953.1652291422224,2875.9246830419106,q65
2025,2025-01,1,2729.5997918576377,3720.2105850596845,q65
2025,2025-02,2,2477.8812422779765,2961.537885653973,q65
2025,2025-03,3,2339.8628511090333,2849.5087499426445,q65
2025,2025-04,4,2448.7021792584655,2614.8039468119455,q65
2025,2025-05,5,3149.438992754348,2759.363667216032,q65
2025,2025-06,6,2655.27192378158,3360.707206805204,q65
2025,2025-07,7,4755.754584835337,5559.662089893211,q65
2025,2025-08,8,6177.820058675944,7740.683019908316,q65
2025,2025-09,9,9189.889464429847,11739.131445979663,q65
2025,2025-10,10,7897.762139341014,10095.280749275773,q65
2025,2025-11,11,3488.7216959787406,4664.98924320248,q65
2025,2025-12,12,3536.288227656001,3337.3778573628915,q65
2020,2020-01,1,5457.007268229654,3192.950701546587,q70
2020,2020-02,2,1887.3719771322812,3274.293115144055,q70
2020,2020-03,3,2128.2206493695803,2251.606171011199,q70
2020,2020-04,4,1872.786298646229,2448.608611844721,q70
2020,2020-05,5,2064.6228446720447,2734.704563432902,q70
2020,2020-06,6,3279.012342580697,3097.520368044945,q70
2020,2020-07,7,4978.318310098686,4272.204651090825,q70
2020,2020-08,8,8838.360149034703,5934.933411132163,q70
2020,2020-09,9,5619.295180086788,9294.05823099072,q70
2020,2020-10,10,1850.8362528978846,6034.097178884281,q70
2020,2020-11,11,1891.802704312295,3443.2806001016043,q70
2020,2020-12,12,3405.9544521657504,3161.8491726125408,q70
2021,2021-01,1,4971.971829364932,3362.839059370783,q70
2021,2021-02,2,2884.4024417256596,2962.1199494205857,q70
2021,2021-03,3,2487.209310970788,2352.723486339287,q70
2021,2021-04,4,2770.3748635386487,2402.150945418724,q70
2021,2021-05,5,2839.3721514512445,2857.198350089777,q70
2021,2021-06,6,3669.2263773169398,3403.1915554853445,q70
2021,2021-07,7,4977.055254217393,4553.979213190408,q70
2021,2021-08,8,6991.9305302807,6093.346750069335,q70
2021,2021-09,9,10460.64757946111,7546.6896872139405,q70
2021,2021-10,10,7891.324604968693,8391.484559286391,q70
2021,2021-11,11,3310.0003088010235,5465.8020305849805,q70
2021,2021-12,12,3159.872332558557,3353.4666858076703,q70
2022,2022-01,1,4421.075539424003,3395.8554824086655,q70
2022,2022-02,2,2395.2541250887098,2962.858313274277,q70
2022,2022-03,3,2578.482910297402,2322.6185071007258,q70
2022,2022-04,4,3002.8055780281884,2431.7665528792418,q70
2022,2022-05,5,2677.942836412439,2888.8979066492784,q70
2022,2022-06,6,3948.8349480423194,3399.611345759662,q70
2022,2022-07,7,8792.50658310678,4807.634095006561,q70
2022,2022-08,8,9409.868539984273,8129.6768367871455,q70
2022,2022-09,9,5194.005474892095,8962.45031720514,q70
2022,2022-10,10,3191.0285531273066,5403.1093496788035,q70
2022,2022-11,11,2019.4117429570485,3878.1370868908175,q70
2022,2022-12,12,5281.381163475159,3673.9999752620274,q70
2023,2023-01,1,5637.419817242143,4929.856065493211,q70
2023,2023-02,2,3864.1014337678266,3386.174393827243,q70
2023,2023-03,3,3247.3347550611743,2374.4751398688086,q70
2023,2023-04,4,2956.0400716665886,2407.5754892733466,q70
2023,2023-05,5,2593.58892722053,2753.086527264066,q70
2023,2023-06,6,3435.2640133088516,3413.2894435781136,q70
2023,2023-07,7,9958.97262643662,5377.835208832142,q70
2023,2023-08,8,6789.750961881995,9660.365005376709,q70
2023,2023-09,9,7134.070422942123,6445.9425642025335,q70
2023,2023-10,10,5396.45378473103,5158.620841081611,q70
2023,2023-11,11,3737.8953464860106,4332.690145611627,q70
2023,2023-12,12,3183.764694039986,4086.429409275459,q70
2024,2024-01,1,4566.930488215524,4252.0347482300085,q70
2024,2024-02,2,2857.18395087652,3372.6917504722396,q70
2024,2024-03,3,3605.557850886509,2692.520767482052,q70
2024,2024-04,4,2354.3771130985897,2778.8714534207456,q70
2024,2024-05,5,2432.454660984288,2740.9615432769215,q70
2024,2024-06,6,2735.6046494374705,3327.6651130837813,q70
2024,2024-07,7,6768.9798004398635,6024.247164880217,q70
2024,2024-08,8,8280.265680714458,7856.32288708553,q70
2024,2024-09,9,13833.212743914744,8530.54628855548,q70
2024,2024-10,10,10924.003764858491,8487.39757120538,q70
2024,2024-11,11,3783.3289458904264,4564.084984938036,q70
2024,2024-12,12,2953.1652291422224,2924.6827303977334,q70
2025,2025-01,1,2729.5997918576377,3768.043074217161,q70
2025,2025-02,2,2477.8812422779765,2955.4817809454726,q70
2025,2025-03,3,2339.8628511090333,2835.9899747539494,q70
2025,2025-04,4,2448.7021792584655,2607.732205963989,q70
2025,2025-05,5,3149.438992754348,2757.4216209288525,q70
2025,2025-06,6,2655.27192378158,3365.16365881807,q70
2025,2025-07,7,4755.754584835337,5582.762036874055,q70
2025,2025-08,8,6177.820058675944,7749.101021187335,q70
2025,2025-09,9,9189.889464429847,11698.127304319205,q70
2025,2025-10,10,7897.762139341014,10069.296571099398,q70
2025,2025-11,11,3488.7216959787406,4740.030190697419,q70
2025,2025-12,12,3536.288227656001,3415.119995533022,q70
