crop_id,county_id,n_obs,skipped,target_source,params_source,baseline_mape,best_alpha,best_blend_w,use_gpj_feature,feature_variant,model_mape,n_folds,consensus_alpha,consensus_blend_w,consensus_mape,model_mape_own
cherrytomato,buan,12,True,origin,,,,,,,,,,,,
cherrytomato,gimje,103,False,origin,own,22.448961896401972,2.0,0.6,False,,21.672935043038745,6.0,,,,
cherrytomato,gochang,90,False,origin,own,22.768683042732395,100.0,0.6,False,,24.016264567827708,6.0,,,,
cherrytomato,gunsan,57,False,origin,crop_consensus,25.40894981157565,10.0,0.6,False,,40.45511190130107,5.0,10.0,0.6,40.45511190130107,39.0816948539899
cherrytomato,iksan,103,False,origin,own,25.69250887693452,10.0,0.5,False,,23.433422616045956,6.0,,,,
cherrytomato,imsil,80,False,origin,own,31.30384451412944,100.0,0.6,False,,32.672619137857104,6.0,,,,
cherrytomato,jangsu,35,True,origin,,,,,,,,,,,,
cherrytomato,jeongeup,99,False,origin,own,35.19697638631208,5.0,0.6,False,,35.4981067898593,6.0,,,,
cherrytomato,jeonju,102,False,origin,own,21.468696135181514,10.0,0.6,False,,21.823771045499658,6.0,,,,
cherrytomato,jinan,54,False,origin,crop_consensus,43.97125111459279,10.0,0.6,False,,60.56221806684571,5.0,10.0,0.6,60.56221806684571,59.86085486532271
cherrytomato,muju,29,True,origin,,,,,,,,,,,,
cherrytomato,namwon,104,False,origin,own,24.79252253703986,30.0,0.4,False,,22.08498859175015,6.0,,,,
cherrytomato,sunchang,81,False,origin,own,28.343884043542744,2.0,0.6,False,,26.20184218546689,6.0,,,,
cherrytomato,wanju,81,False,origin,own,22.558914657343397,5.0,0.6,False,,26.729959356359473,6.0,,,,
cucumber,buan,37,True,origin,,,,,,,,,,,,
cucumber,gimje,103,False,origin,own,30.43525593424161,30.0,0.6,True,,28.319297186110862,6.0,,,,
cucumber,gochang,50,False,origin,crop_consensus,53.023826764509614,5.0,0.6,False,,65.80069604024628,6.0,5.0,0.6,65.80069604024628,65.70314306390628
cucumber,gunsan,70,False,gpj,own,29.268711652393563,5.0,0.4,False,,27.412320191797505,5.0,,,,
cucumber,iksan,98,False,origin,own,24.987620744831684,5.0,0.6,False,,22.475075377289965,6.0,,,,
cucumber,imsil,104,False,origin,own,24.546861047465352,3.0,0.3,False,,21.543675012507304,6.0,,,,
cucumber,jangsu,81,False,origin,own,30.935156850302622,100.0,0.6,False,,30.039942985429533,6.0,,,,
cucumber,jeongeup,102,False,origin,own,23.960200995507392,5.0,0.6,False,,23.94923542391326,6.0,,,,
cucumber,jeonju,102,False,origin,own,26.52723513883366,20.0,0.6,False,,24.610762709028847,6.0,,,,
cucumber,jinan,103,False,origin,own,25.21870129068182,2.0,0.5,False,,23.29198157011498,6.0,,,,
cucumber,muju,42,False,origin,crop_consensus,66.22481471661722,5.0,0.6,False,,69.19802736370626,6.0,5.0,0.6,69.19802736370626,67.21893633775774
cucumber,namwon,101,False,origin,own,23.13230927855507,2.0,0.4,False,,19.199860964423586,6.0,,,,
cucumber,sunchang,51,False,origin,crop_consensus,60.501326481948325,5.0,0.6,False,,58.609757993152094,6.0,5.0,0.6,58.609757993152094,58.05302292250042
cucumber,wanju,87,False,origin,own,33.89798074654531,2.0,0.6,False,,30.174466086924145,6.0,,,,
grape,buan,29,True,origin,,,,,,,,,,,,
grape,gimje,45,False,origin,own,26.41283599596647,100.0,0.6,False,,28.768112565459006,6.0,50.0,0.0,33.26117838845453,
grape,gochang,10,True,origin,,,,,,,,,,,,
grape,gunsan,1,True,origin,,,,,,,,,,,,
grape,iksan,81,False,origin,own,49.081934302246395,100.0,0.0,False,,36.01011404032158,6.0,,,,
grape,imsil,1,True,origin,,,,,,,,,,,,
grape,jangsu,30,True,origin,,,,,,,,,,,,
grape,jeongeup,74,False,origin,own,40.84178014519892,5.0,0.5,False,,36.01903440850686,6.0,,,,
grape,jeonju,91,False,origin,own,53.42439711427179,50.0,0.0,True,,33.24464375785082,6.0,,,,
grape,jinan,15,True,origin,,,,,,,,,,,,
grape,muju,56,False,origin,crop_consensus,42.7314392477028,50.0,0.0,False,,23.79903858721315,6.0,50.0,0.0,23.79903858721315,23.66226724818415
grape,namwon,61,False,origin,own,35.0503667296333,100.0,0.0,False,,28.238942478901667,6.0,,,,
grape,sunchang,4,True,origin,,,,,,,,,,,,
grape,wanju,61,False,origin,own,41.93352680371035,2.0,0.6,False,,45.28611937977475,5.0,,,,
greenonion,buan,86,False,origin,own,60.989276506903,50.0,0.4,False,,51.98482476660964,6.0,,,,
greenonion,gimje,68,False,origin,own,135.2058622360523,10.0,0.2,False,,122.4175301391731,6.0,,,,
greenonion,gochang,83,False,origin,own,54.16440064815287,2.0,0.3,False,,38.2367699890187,6.0,,,,
greenonion,gunsan,68,False,origin,own,37.675478231666865,20.0,0.0,False,,30.6882228897088,5.0,,,,
greenonion,iksan,104,False,origin,own,41.74742742586624,20.0,0.0,False,leafy_weather,26.161052923782837,6.0,,,,
greenonion,imsil,10,True,origin,,,,,,,,,,,,
greenonion,jangsu,82,False,origin,own,32.162465996944064,5.0,0.6,False,,29.916875472546668,6.0,,,,
greenonion,jeongeup,96,False,origin,own,30.80060706502988,3.0,0.5,False,,28.295591222226275,6.0,,,,
greenonion,jeonju,104,False,origin,own,48.774995228842045,3.0,0.2,True,,29.448375988072655,6.0,,,,
greenonion,jinan,31,True,origin,,,,,,,,,,,,
greenonion,muju,16,True,origin,,,,,,,,,,,,
greenonion,namwon,54,False,origin,own,60.035875444844386,100.0,0.6,True,leafy_weather,67.91667601449082,6.0,3.0,0.3,95.98526712276669,
greenonion,sunchang,5,True,origin,,,,,,,,,,,,
greenonion,wanju,104,False,origin,own,44.06269476089659,2.0,0.2,False,leafy_weather,37.38480821171699,6.0,,,,
lettuce,buan,70,False,origin,own,33.10313275367979,5.0,0.6,False,,29.919417431736367,6.0,,,,
lettuce,gimje,104,False,origin,own,39.146003604435684,2.0,0.5,True,,32.86220654031633,6.0,,,,
lettuce,gochang,80,False,origin,own,40.925832360113866,30.0,0.6,False,leafy_weather,43.424217943403846,6.0,,,,
lettuce,gunsan,69,False,gpj,own,35.81437957183953,10.0,0.4,False,leafy_weather,29.952975332140635,5.0,,,,
lettuce,iksan,104,False,origin,own,28.002932425678704,30.0,0.3,False,,23.15863619894165,6.0,,,,
lettuce,imsil,42,False,origin,own,57.33845895612296,100.0,0.6,False,,58.37034353571888,4.0,30.0,0.4,79.69074498729485,
lettuce,jangsu,104,False,origin,own,25.60807121696323,30.0,0.4,False,,23.12036161761621,6.0,,,,
lettuce,jeongeup,103,False,origin,own,54.869077766578954,100.0,0.6,False,leafy_weather,61.57971648772901,6.0,,,,
lettuce,jeonju,104,False,origin,own,33.487307222532415,10.0,0.3,False,,29.74192098163084,6.0,,,,
lettuce,jinan,98,False,origin,own,30.890428185179587,100.0,0.6,False,,29.13495314127208,6.0,,,,
lettuce,muju,65,False,origin,own,66.64521832745291,100.0,0.3,False,,51.56035237885046,6.0,,,,
lettuce,namwon,104,False,origin,own,27.61392160433361,2.0,0.4,True,leafy_weather,23.597016656806236,6.0,,,,
lettuce,sunchang,104,False,origin,own,31.443160551120517,50.0,0.3,False,,28.807550011827388,6.0,,,,
lettuce,wanju,104,False,origin,own,26.957854644738173,20.0,0.4,False,,24.34169849568384,6.0,,,,
melon,buan,13,True,origin,,,,,,,,,,,,
melon,gimje,9,True,origin,,,,,,,,,,,,
melon,gochang,59,False,origin,own,25.199661574704123,100.0,0.6,False,,24.07904299463769,6.0,,,,
melon,gunsan,0,True,origin,,,,,,,,,,,,
melon,iksan,63,False,origin,own,27.62280629027266,100.0,0.6,False,,29.48531026050036,6.0,,,,
melon,imsil,4,True,origin,,,,,,,,,,,,
melon,jangsu,4,True,origin,,,,,,,,,,,,
melon,jeongeup,57,False,origin,own,35.366438949803616,30.0,0.6,False,,43.56560143903798,6.0,,,,
melon,jeonju,43,False,origin,own,25.445034538546135,5.0,0.6,False,,28.055027361155158,6.0,,,,
melon,jinan,22,True,origin,,,,,,,,,,,,
melon,muju,1,True,origin,,,,,,,,,,,,
melon,namwon,42,False,origin,own,27.326040987921814,20.0,0.6,False,,28.480743231777122,6.0,,,,
melon,sunchang,29,True,origin,,,,,,,,,,,,
melon,wanju,24,True,origin,,,,,,,,,,,,
peach,buan,10,True,origin,,,,,,,,,,,,
peach,gimje,41,False,origin,own,29.845319459709838,20.0,0.6,False,,31.494952387998126,6.0,,,,
peach,gochang,28,True,origin,,,,,,,,,,,,
peach,gunsan,0,True,origin,,,,,,,,,,,,
peach,iksan,46,False,origin,own,38.51954268269365,100.0,0.6,False,,46.41040895570608,6.0,,,,
peach,imsil,39,True,origin,,,,,,,,,,,,
peach,jangsu,23,True,origin,,,,,,,,,,,,
peach,jeongeup,43,False,origin,own,34.021921321930854,100.0,0.6,False,,36.948306060817394,6.0,,,,
peach,jeonju,47,False,origin,own,19.499324623427615,2.0,0.6,False,,22.662567659007625,6.0,,,,
peach,jinan,14,True,origin,,,,,,,,,,,,
peach,muju,41,False,origin,own,28.311126737126685,100.0,0.6,False,,30.080314682831798,6.0,,,,
peach,namwon,42,False,origin,own,16.97230267372156,100.0,0.4,False,,14.742119952262977,6.0,,,,
peach,sunchang,31,True,origin,,,,,,,,,,,,
peach,wanju,39,True,origin,,,,,,,,,,,,
sweetpotato,buan,16,True,origin,,,,,,,,,,,,
sweetpotato,gimje,104,False,origin,own,23.49165407353982,10.0,0.0,False,,12.130703572347228,6.0,,,,
sweetpotato,gochang,104,False,origin,own,19.97977777794405,2.0,0.2,False,,12.227693519159134,6.0,,,,
sweetpotato,gunsan,60,False,gpj,own,27.512871915552815,10.0,0.4,False,,23.731976838880698,5.0,,,,
sweetpotato,iksan,104,False,origin,own,22.746352130392882,100.0,0.2,False,,16.118397946698053,6.0,,,,
sweetpotato,imsil,29,True,origin,,,,,,,,,,,,
sweetpotato,jangsu,29,True,origin,,,,,,,,,,,,
sweetpotato,jeongeup,94,False,origin,own,26.215229414153054,100.0,0.4,False,,23.133289599322378,6.0,,,,
sweetpotato,jeonju,81,False,origin,own,36.66598428107843,100.0,0.0,False,storable_long,29.917776602179384,6.0,,,,
sweetpotato,jinan,76,False,origin,own,35.23748279990191,2.0,0.6,False,,34.509658373068056,6.0,,,,
sweetpotato,muju,28,True,origin,,,,,,,,,,,,
sweetpotato,namwon,45,False,origin,crop_consensus,41.57257426532634,10.0,0.2,False,,31.32837596481367,6.0,10.0,0.2,31.32837596481367,31.226394025885337
sweetpotato,sunchang,21,True,origin,,,,,,,,,,,,
sweetpotato,wanju,87,False,origin,own,23.33334601976503,10.0,0.2,False,,16.418749864973517,6.0,,,,
tomato,buan,69,False,origin,own,28.38294341845008,5.0,0.6,False,,29.793888882616397,6.0,,,,
tomato,gimje,94,False,origin,own,28.769305394393356,10.0,0.5,False,,25.46716665798345,6.0,,,,
tomato,gochang,14,True,origin,,,,,,,,,,,,
tomato,gunsan,63,False,gpj,own,33.576696254767604,20.0,0.6,False,,29.748751062014225,5.0,,,,
tomato,iksan,96,False,origin,own,39.634499289964594,100.0,0.0,False,,32.57026487554673,6.0,,,,
tomato,imsil,85,False,origin,own,25.89504025198327,100.0,0.6,True,,25.979423028676887,6.0,,,,
tomato,jangsu,104,False,origin,own,24.048392258517158,5.0,0.4,False,,20.705385066263293,6.0,,,,
tomato,jeongeup,91,False,origin,own,30.185479066557203,100.0,0.6,False,,34.25162996765276,6.0,,,,
tomato,jeonju,103,False,origin,own,23.149821722069785,30.0,0.6,True,,20.832790320623904,6.0,,,,
tomato,jinan,90,False,origin,own,24.111071737927563,2.0,0.6,False,,26.4332409091593,6.0,,,,
tomato,muju,88,False,origin,own,32.16735989955853,20.0,0.1,False,,26.16415313735695,6.0,,,,
tomato,namwon,99,False,origin,own,29.221251835958586,20.0,0.6,False,,27.471839975020455,6.0,,,,
tomato,sunchang,1,True,origin,,,,,,,,,,,,
tomato,wanju,78,False,origin,own,22.772597984863765,10.0,0.6,False,,22.054940063874124,6.0,,,,
watermelon,buan,53,False,origin,own,248.8790627815142,10.0,0.1,False,,188.39135736459775,6.0,,,,
watermelon,gimje,31,True,origin,,,,,,,,,,,,
watermelon,gochang,102,False,origin,own,32.37619843261535,100.0,0.6,False,,32.52171968501594,6.0,,,,
watermelon,gunsan,3,True,origin,,,,,,,,,,,,
watermelon,iksan,89,False,origin,own,27.193750589970914,50.0,0.4,True,,24.675465716222277,6.0,,,,
watermelon,imsil,5,True,origin,,,,,,,,,,,,
watermelon,jangsu,29,True,origin,,,,,,,,,,,,
watermelon,jeongeup,64,False,origin,own,46.3801399833688,2.0,0.6,False,,69.78158771553444,6.0,,,,
watermelon,jeonju,60,False,origin,own,28.160971600654765,100.0,0.4,False,,24.18772537837449,6.0,,,,
watermelon,jinan,33,True,origin,,,,,,,,,,,,
watermelon,muju,24,True,origin,,,,,,,,,,,,
watermelon,namwon,23,True,origin,,,,,,,,,,,,
watermelon,sunchang,10,True,origin,,,,,,,,,,,,
watermelon,wanju,47,False,origin,own,30.52832721373043,100.0,0.6,False,,31.68246360389257,6.0,,,,
