ym,county,full,sample,n_obs_full,n_obs_sample,n_days_sample
2018-01,고창군,4444.454656862745,4521.907216494846,25,3,3
2018-01,김제시,3416.678530085023,3422.3579545454545,147,18,3
2018-01,남원시,4466.652251398033,4568.816842007519,1361,164,3
2018-01,부안군,3180.194805194805,4500.0,7,1,1
2018-01,순창군,3745.021917657887,3615.552486401674,108,12,3
2018-01,완주군,3195.942832304543,3219.9261100677995,434,61,3
2018-01,익산시,4058.258020938639,3961.023275515895,577,69,3
2018-01,장수군,4093.9580281690146,4598.415265200518,124,17,3
2018-01,전주시,3002.2355497820745,2814.239674418605,209,22,3
2018-01,정읍시,3210.5140185935197,3187.4999947183096,64,6,3
2018-01,진안군,3615.6058239095314,,13,0,0
2018-02,고창군,3990.253441802253,4825.0,22,1,1
2018-02,김제시,2745.4007167122427,3462.325,127,5,1
2018-02,남원시,3394.6961480763625,4475.083808332073,1071,57,2
2018-02,부안군,2250.919117647059,,13,0,0
2018-02,순창군,3095.430927861018,4024.127109683794,98,4,1
2018-02,완주군,2557.568944423891,3231.4359655982907,402,21,2
2018-02,익산시,2997.100428718936,3304.1175695074667,481,42,2
2018-02,임실군,1048.076923076923,,2,0,0
2018-02,장수군,3535.9828613033937,4724.497126436781,75,2,1
2018-02,전주시,2486.141536537457,4327.528477380953,174,4,1
2018-02,정읍시,2256.454697585465,1966.7431192660551,75,6,2
2018-02,진안군,2532.4503427152317,,7,0,0
2018-03,고창군,3311.9940476190477,2830.7522123893805,27,3,2
2018-03,군산시,525.0,,1,0,0
2018-03,김제시,2253.289969213701,2148.1311108247423,171,12,2
2018-03,남원시,2439.290974641346,2269.1917921290587,1389,86,2
2018-03,부안군,2626.45966029724,2250.0,31,2,2
2018-03,순창군,2145.1148901770134,1798.1967319672133,138,9,2
2018-03,완주군,2055.3548422234408,1897.8660633892998,485,34,2
2018-03,익산시,2223.9369485232696,2236.9876831197653,666,47,2
2018-03,임실군,1500.0,,1,0,0
2018-03,장수군,2642.3688008960576,3022.511081858407,109,6,2
2018-03,전주시,1969.4352811862404,2056.2754024390247,202,9,2
2018-03,정읍시,2691.60316996337,3015.108695652174,60,3,2
2018-03,진안군,2190.224152014652,1650.0,22,1,1
2018-04,고창군,2423.0804773834375,1907.6576576576576,20,2,2
2018-04,김제시,2397.1897347192057,1530.714782428356,167,14,2
2018-04,남원시,2744.5546858956664,2082.145042012579,1411,121,2
2018-04,부안군,2851.543541755889,2840.909090909091,32,2,2
2018-04,순창군,2121.209023011127,1596.8138402597403,125,10,2
2018-04,완주군,2152.7901959578867,1274.6564626481772,494,42,2
2018-04,익산시,2469.58479977604,1840.1378712734124,654,48,2
2018-04,장수군,2880.0991892778743,2386.928578677309,221,18,2
2018-04,전주시,2007.298679239746,1201.631560338983,265,23,2
2018-04,정읍시,1714.6312548606077,1781.5860080645161,61,6,2
2018-04,진안군,2801.0028389830504,2190.0,29,1,1
2018-05,고창군,2013.7820512820513,1728.5276073619632,21,4,3
2018-05,군산시,1200.0,,1,0,0
2018-05,김제시,1912.0199852835608,1791.9887088278933,174,20,3
2018-05,남원시,2548.2673945379397,2524.221656002204,1593,187,3
2018-05,무주군,1597.8260869565217,,9,0,0
2018-05,부안군,1726.0,2000.0,8,1,1
2018-05,순창군,1984.7757091701903,1477.818010107817,113,12,3
2018-05,완주군,1827.2658171538296,1657.322712654202,506,57,3
2018-05,익산시,2401.9651048379765,2247.688689953464,705,75,3
2018-05,장수군,2687.801673185517,2721.1506899718156,378,43,3
2018-05,전주시,1467.3247159823497,1545.1570268445323,308,35,3
2018-05,정읍시,1013.6782416352719,921.4000669485553,83,9,3
2018-05,진안군,3662.7173433813896,3713.271028037383,21,3,2
2018-06,고창군,1715.579188652482,1827.8248177966102,26,2,2
2018-06,김제시,1576.435578366112,1564.296595338983,161,16,3
2018-06,남원시,2018.1026178163365,2031.6810680585065,1628,182,3
2018-06,무주군,1159.0551181102362,750.0,15,1,1
2018-06,부안군,2282.608695652174,1750.0,15,1,1
2018-06,순창군,1583.1922037883346,1608.3587261373773,131,15,3
2018-06,완주군,1384.3759585349571,1386.4044863826814,487,58,3
2018-06,익산시,1692.70451371457,1637.7860757809851,718,89,3
2018-06,임실군,1400.0,,1,0,0
2018-06,장수군,1952.23403931,1897.5438671090594,586,74,3
2018-06,전주시,1437.675086048769,1225.9505506557377,239,24,3
2018-06,정읍시,896.0401757429897,852.7696793002916,66,8,3
2018-06,진안군,2350.7902492707503,1748.2758620689656,43,5,3
2018-07,고창군,2972.8615611772484,,20,0,0
2018-07,김제시,3691.1507208850608,3000.6155156249997,140,9,2
2018-07,남원시,3538.2866503606197,2152.8097248215936,2101,157,2
2018-07,무주군,1570.7602339181287,400.0,34,1,1
2018-07,부안군,5026.2430939226515,2375.0,25,1,1
2018-07,순창군,3672.7256104705784,2255.1680767973853,153,9,2
2018-07,완주군,3066.031577527372,1625.427792994884,500,36,2
2018-07,익산시,3092.7692895743194,2375.708481026171,711,47,2
2018-07,장수군,3781.516689162169,2209.7694894829096,822,53,2
2018-07,전주시,2962.729775713771,1550.1951877104377,239,18,2
2018-07,정읍시,2415.735294117647,1600.0,22,1,1
2018-07,진안군,3142.6202484237942,2555.1813804453054,231,16,2
2018-08,고창군,5784.28384765625,6815.740694444444,16,2,2
2018-08,군산시,575.0,,1,0,0
2018-08,김제시,6005.064757269185,6939.003474919094,154,12,2
2018-08,남원시,5425.201660438613,5287.034642580646,2274,154,2
2018-08,무주군,3677.0780856423175,6150.0,34,2,1
2018-08,부안군,6750.0,,1,0,0
2018-08,순창군,5698.002867179918,5369.766791044776,103,6,2
2018-08,완주군,4742.206863272316,4842.329142622278,617,50,2
2018-08,익산시,6153.4865843076905,7762.704468978295,694,50,2
2018-08,임실군,2136.9565217391305,,2,0,0
2018-08,장수군,5404.036937700878,4935.483593467621,849,62,2
2018-08,전주시,4510.250145616936,6487.07856024531,285,16,2
2018-08,정읍시,4932.470119521912,5730.060606060606,34,5,2
2018-08,진안군,4943.6635084107265,4554.348750442478,260,16,2
2018-09,고창군,10462.280579861112,9916.666618181818,23,3,2
2018-09,김제시,10053.567277337012,11297.026209677419,75,5,2
2018-09,남원시,11322.750624696071,12993.08929816657,1803,155,2
2018-09,무주군,6531.147540983607,6525.0,12,1,1
2018-09,부안군,10113.475177304965,8541.666666666666,30,3,1
2018-09,순창군,8993.413126496129,9908.60759493671,60,3,2
2018-09,완주군,9382.265053695279,10949.09572799651,441,42,2
2018-09,익산시,10738.375816185533,12881.436393133767,642,56,2
2018-09,임실군,16686.486486486487,,5,0,0
2018-09,장수군,10328.288717626105,11130.026622469479,695,63,2
2018-09,전주시,8640.764018363696,9208.194230936819,191,19,2
2018-09,정읍시,9405.952380952382,8198.611111111111,35,4,1
2018-09,진안군,10752.306654036873,11298.75168097166,173,11,2
2018-10,고창군,3293.869852580372,3343.945837606838,27,4,2
2018-10,김제시,3110.8578606835754,3524.874757751938,105,12,3
2018-10,남원시,3859.0154586442645,4303.51605326557,2038,222,3
2018-10,무주군,2425.7042253521126,2575.0,21,5,3
2018-10,부안군,2894.2579505300355,2475.675675675676,37,7,2
2018-10,순창군,2741.739887928404,2917.8621611328126,86,10,3
2018-10,완주군,2293.659824040932,2605.1248985906186,472,53,3
2018-10,익산시,3008.7840339997806,3216.224094273869,798,91,3
2018-10,임실군,3421.6666666666665,,4,0,0
2018-10,장수군,3243.630841323044,3535.299166864608,801,85,3
2018-10,전주시,1856.0279109044066,2042.149417133707,271,28,3
2018-10,정읍시,2800.570652173913,2818.5344827586205,60,5,2
2018-10,진안군,3897.87662146942,4442.81566450733,166,23,3
2018-11,고창군,1566.6221757117437,1550.0,13,1,1
2018-11,김제시,1629.5628949542897,2250.6003033175357,117,8,2
2018-11,남원시,1850.5959502278656,1807.3168996559202,1602,131,2
2018-11,부안군,1612.7450980392157,,8,0,0
2018-11,순창군,1363.7213242798355,1434.5648177339901,102,11,2
2018-11,완주군,1373.2367897428182,1539.6342389622212,343,23,2
2018-11,익산시,1700.4491190986284,2102.2554782293178,781,59,2
2018-11,임실군,1340.2777777777778,,3,0,0
2018-11,장수군,1763.4175886349262,1701.0468766136294,540,37,2
2018-11,전주시,1047.2353838052845,937.3812794822628,283,24,2
2018-11,정읍시,1600.14389352518,1959.468085106383,53,5,2
2018-11,진안군,1911.9077014638315,2204.1666666666665,47,3,2
2018-12,고창군,1443.1475903614457,1159.2261904761904,26,2,2
2018-12,김제시,1587.688636858592,1536.8986454081632,112,10,2
2018-12,남원시,2396.36961701746,2199.9381900305784,1326,159,3
2018-12,부안군,2222.222222222222,,5,0,0
2018-12,순창군,1531.3164077812016,1598.725177797834,95,11,3
2018-12,완주군,1561.79660741043,1427.14023591213,363,45,3
2018-12,익산시,2209.796730249317,2094.092078043342,781,82,3
2018-12,임실군,1250.0,,1,0,0
2018-12,장수군,2070.928440562566,1957.502585322723,269,27,3
2018-12,전주시,1355.138351462461,1366.1942144896504,237,27,3
2018-12,정읍시,2160.7951710843377,2000.0,35,1,1
2018-12,진안군,1914.3846638888886,1879.8161764705883,36,6,3
2019-01,고창군,2241.766055045872,2662.0967741935483,27,3,3
2019-01,김제시,2025.955934760037,2095.6078706709955,145,17,3
2019-01,남원시,2611.6567858390645,2750.8056184153006,1481,170,3
2019-01,부안군,1854.7297297297298,,4,0,0
2019-01,순창군,2015.5627199781661,2181.3177665975104,113,13,3
2019-01,완주군,1830.135698278166,1935.8992565671308,429,49,3
2019-01,익산시,2247.626597912039,2501.5637028857545,709,90,3
2019-01,장수군,2755.1757519043085,3139.64845703125,148,15,3
2019-01,전주시,1684.7328339629464,1732.7272912143826,246,23,3
2019-01,정읍시,2783.7239583333335,2246.0,34,2,2
2019-01,진안군,2371.2264150943397,2108.3333333333335,23,5,2
2019-02,고창군,1785.8695652173913,1664.2857142857142,15,2,2
2019-02,김제시,1475.1970808,1271.6450905688623,94,10,2
2019-02,남원시,1822.0056482662021,1544.8523751630476,1264,119,2
2019-02,부안군,1776.1627906976744,1744.047619047619,13,2,2
2019-02,순창군,1460.6787844948785,1358.4308578595317,97,10,2
2019-02,완주군,1387.5960934626662,1136.7391919768259,318,26,2
2019-02,익산시,1689.5183726138587,1520.1581717377026,549,53,2
2019-02,임실군,700.0,,1,0,0
2019-02,장수군,2206.874533748702,1910.5171414790998,100,10,2
2019-02,전주시,1357.0766169885112,1260.2568951612902,184,21,2
2019-02,정읍시,1510.5138339920948,1102.03125,31,2,2
2019-02,진안군,1160.4166666666667,1275.0,6,1,1
2019-03,고창군,2505.2120141342757,2750.5813953488373,30,3,3
2019-03,김제시,1963.4320341470952,1872.396615419708,113,12,3
2019-03,남원시,2096.8230587190096,2026.7218483194702,1661,198,3
2019-03,부안군,2196.440129449838,2033.3333333333333,25,4,3
2019-03,순창군,1873.5344392766422,1747.1463903256706,109,13,3
2019-03,완주군,1945.9251387205716,1908.833578112076,368,37,3
2019-03,익산시,2025.2915981249325,1934.9963416637124,730,85,3
2019-03,장수군,2638.5997215892908,2627.9553292,130,15,3
2019-03,전주시,1836.1071210754244,1921.374539367182,235,27,3
2019-03,정읍시,1508.8741223671013,1359.9435028248588,74,7,3
2019-03,진안군,2286.7324561403507,,12,0,0
2019-04,고창군,2528.8552787663107,2335.820895522388,21,2,2
2019-04,김제시,2209.8492093186815,2208.2011686143574,139,19,3
2019-04,남원시,2391.1197688363345,2252.4789103881944,1591,178,3
2019-04,부안군,2835.1749539594844,2846.590909090909,43,5,2
2019-04,순창군,2002.574180226629,1764.355754008016,117,14,3
2019-04,완주군,2157.244760611715,1951.2864000407994,390,45,3
2019-04,익산시,2246.866199660612,2005.206145761652,735,89,3
2019-04,임실군,2482.9545454545455,,3,0,0
2019-04,장수군,2548.5416066535204,2211.7816096982756,234,25,3
2019-04,전주시,1782.8457939266789,1800.1327820921988,255,27,3
2019-04,정읍시,1280.7608545249961,1220.381472891566,75,8,3
2019-04,진안군,2208.5985452674895,2518.8636363636365,39,5,2
2019-05,고창군,2818.512974051896,3000.0,17,1,1
2019-05,김제시,3093.322807530178,1742.3947704081634,149,10,2
2019-05,남원시,3002.526882184774,2212.7893118920233,1567,108,2
2019-05,무주군,2504.0,,5,0,0
2019-05,부안군,3708.0696202531644,2500.0,35,2,1
2019-05,순창군,2313.6421285447177,1803.945006875,148,13,2
2019-05,완주군,2504.9548184442865,1657.0809200383053,421,32,2
2019-05,익산시,2978.9896138530753,2404.0997314764772,763,57,2
2019-05,임실군,1275.0,,3,0,0
2019-05,장수군,2828.0609637821685,2219.3903358011635,488,37,2
2019-05,전주시,2134.0672242580677,1520.466074026142,291,27,2
2019-05,정읍시,1545.189778597786,1492.1875234375,83,4,2
2019-05,진안군,2776.763735826002,2390.861873831776,64,7,2
2019-06,고창군,1384.6153846153845,,2,0,0
2019-06,김제시,1851.489496691844,1776.8402152034262,143,16,3
2019-06,남원시,2536.1661805069984,2472.462436340969,1488,187,3
2019-06,무주군,2745.6521739130435,1750.0,8,1,1
2019-06,순창군,1952.255919717138,1552.66946320922,135,13,3
2019-06,완주군,1761.6829533015148,1636.5813239784206,404,45,3
2019-06,익산시,2578.5591103817915,2362.3687144480587,787,90,3
2019-06,임실군,1401.6339607843136,1357.142857142857,15,2,1
2019-06,장수군,2366.349271648148,2322.2854385786113,586,75,3
2019-06,전주시,1583.7858135713266,1617.3174488245932,274,33,3
2019-06,정읍시,1184.0020954371298,1338.392857142857,77,9,3
2019-06,진안군,2139.0067540365258,1913.9695582706765,76,11,3
2019-07,고창군,3253.301886792453,,22,0,0
2019-07,김제시,2446.713655776892,1499.0359661281918,189,24,3
2019-07,남원시,3424.01716452816,2899.2969525350695,1833,204,3
2019-07,무주군,2158.3034647550776,1713.4615384615386,43,5,2
2019-07,부안군,2909.8101265822784,2500.0,18,2,1
2019-07,순창군,2440.775049386701,2045.7344787499999,157,21,3
2019-07,완주군,2282.0153270338774,1819.7772543411038,572,64,3
2019-07,익산시,3267.6782166761395,2557.7561672925394,927,100,3
2019-07,임실군,1561.378205128205,2250.0,13,1,1
2019-07,장수군,3207.127532661436,2564.489815421947,848,95,3
2019-07,전주시,2332.458153644353,1900.2864928148774,291,30,3
2019-07,정읍시,1863.1953583801217,1525.8433734939758,95,10,3
2019-07,진안군,2806.7349281600646,1960.3239848576623,206,22,3
2019-08,고창군,6401.637931034483,7216.1016949152545,17,2,2
2019-08,김제시,4289.338044650151,5972.129709134615,164,11,2
2019-08,남원시,5043.472075952122,5762.103199062523,2092,179,2
2019-08,무주군,3215.113185086551,3450.480769230769,59,7,2
2019-08,부안군,9206.73076923077,,10,0,0
2019-08,순창군,4315.09857023711,6156.046432701894,122,12,2
2019-08,완주군,3565.837798732907,4947.524049808722,619,52,2
2019-08,익산시,5682.359099962394,7323.047254140719,897,76,2
2019-08,임실군,3000.0,,1,0,0
2019-08,장수군,4574.28571702834,6190.859403890773,863,64,2
2019-08,전주시,3284.946489220728,3176.4787656287717,294,24,2
2019-08,정읍시,3310.4046969416127,2455.3571428571427,59,3,1
2019-08,진안군,4469.049208632171,5144.62892564403,297,17,2
2019-09,김제시,7253.207343876723,5703.551434210526,114,13,2
2019-09,남원시,6664.665034795346,5418.848659553228,1639,141,2
2019-09,무주군,3781.6326530612246,1891.6666666666667,23,2,2
2019-09,부안군,2750.0,,1,0,0
2019-09,순창군,5174.602405128795,3930.3311019417474,65,6,2
2019-09,완주군,5661.417429929334,4144.5422636823105,420,39,2
2019-09,익산시,6412.012546737581,4847.742978421498,733,61,2
2019-09,장수군,6387.689360764758,5365.705939297125,636,59,2
2019-09,전주시,5327.988154443905,3221.6484937567857,204,17,2
2019-09,정읍시,5894.369158878505,6102.857142857143,34,5,2
2019-09,진안군,5560.628609210021,5348.678845988538,201,20,2
2019-10,고창군,6908.679401993356,5992.886178861789,17,3,3
2019-10,김제시,7459.689529041584,8687.595935855263,129,17,3
2019-10,남원시,7514.30176320569,7748.206728637312,1891,206,3
2019-10,무주군,5431.675392670157,5104.166666666667,36,8,3
2019-10,부안군,6008.064516129032,5000.0,4,1,1
2019-10,순창군,5907.2998468694095,6242.738814113598,118,12,3
2019-10,완주군,5823.208426316899,6204.838672787707,492,57,3
2019-10,익산시,7103.153211737004,7007.38382801828,792,89,3
2019-10,장수군,6909.326901155884,7050.8414167028195,807,94,3
2019-10,전주시,5513.994001826673,5187.548276386213,243,25,3
2019-10,정읍시,4207.992633517495,3728.553459119497,71,9,3
2019-10,진안군,7898.4209373974845,9455.520023415978,123,13,3
2019-11,고창군,2545.7668711656443,2773.076923076923,22,3,3
2019-11,김제시,3061.1747722843224,2954.0337016348776,126,17,3
2019-11,남원시,3448.558035437567,3787.4468073569424,1574,180,3
2019-11,무주군,3354.6739130434785,3914.5833333333335,21,2,2
2019-11,부안군,2333.3333333333335,,3,0,0
2019-11,순창군,2443.6131553777445,2592.1256784869975,115,15,3
2019-11,완주군,2203.291127626982,2310.9283986064893,466,59,3
2019-11,익산시,3462.2626388140457,3999.237081483401,845,94,3
2019-11,임실군,3187.5,,1,0,0
2019-11,장수군,3407.070053769622,3676.4278147375544,509,53,3
2019-11,전주시,1959.5521618990047,2006.60286682243,251,27,3
2019-11,정읍시,2333.3510235026533,2436.1363636363635,69,5,3
2019-11,진안군,3330.9044798345403,3846.994680851064,52,7,3
2019-12,고창군,3103.8483305036784,2584.4155844155844,22,2,2
2019-12,군산시,2500.0,,1,0,0
2019-12,김제시,2356.8032094113346,2074.9239503424656,129,4,1
2019-12,남원시,4044.432692829801,3438.88079710077,1386,105,2
2019-12,부안군,2745.098039215686,2250.0,7,1,1
2019-12,순창군,2963.9536450749465,2634.391918918919,139,10,2
2019-12,완주군,2581.784825968756,2167.3128308097434,473,33,2
2019-12,익산시,3863.4715891918127,3455.684755321174,824,58,2
2019-12,장수군,3798.6317086567583,3254.395664205345,269,24,2
2019-12,전주시,2218.345493295225,1350.75930964467,197,9,2
2019-12,정읍시,2154.644128113879,538.4615384615385,40,3,1
2019-12,진안군,2846.884014409222,2880.000075,21,2,1
2020-01,고창군,5710.648734177215,,20,0,0
2020-01,김제시,4366.403540011223,6307.6495398773,139,5,1
2020-01,남원시,5890.029757266823,7221.411614109105,1334,60,1
2020-01,부안군,5581.586826347306,6250.0,19,1,1
2020-01,순창군,4683.434907361874,6328.4708737864075,126,5,1
2020-01,완주군,4764.093540326514,6618.543706543624,512,20,1
2020-01,익산시,5623.874758514521,8476.976662666557,679,28,1
2020-01,장수군,5942.388469207458,7528.545673076923,174,10,1
2020-01,전주시,4068.9304632979583,5409.556962025316,227,12,1
2020-01,정읍시,4514.739010989011,3250.0,25,1,1
2020-01,진안군,4415.002367563739,,24,0,0
2020-02,고창군,1948.578431372549,1926.2048192771085,14,2,2
2020-02,김제시,1417.466374477907,1490.5681833003953,136,17,3
2020-02,남원시,2059.801413391106,2089.71893842629,1428,170,3
2020-02,부안군,1804.3766578249338,1860.2941176470588,37,2,2
2020-02,순창군,1583.9175940243904,1587.7017023809522,144,19,3
2020-02,완주군,1468.624001503623,1426.004175293713,510,66,3
2020-02,익산시,1960.3767574182107,2072.706167071218,802,98,3
2020-02,장수군,2520.553199471723,2272.47009762957,143,17,3
2020-02,전주시,1332.1260576082555,1287.3391364726028,249,30,3
2020-02,정읍시,1797.7066356228172,2162.5,47,6,3
2020-02,진안군,1826.2096774193549,1671.1538461538462,16,2,2
2020-03,고창군,2859.6943430656934,2750.0,25,2,2
2020-03,김제시,1970.0364810380986,1719.750065756824,168,12,2
2020-03,남원시,2242.561281573381,2099.2165203464037,1443,108,2
2020-03,무주군,1250.0,1000.0,4,1,1
2020-03,부안군,1977.3569785464097,2066.9014084507044,44,6,2
2020-03,순창군,1930.3970224505326,1955.0369398734176,171,9,2
2020-03,완주군,1861.3218620891516,1818.2501104932876,423,34,2
2020-03,익산시,2140.506400998774,2153.969527170299,778,56,2
2020-03,장수군,2549.1011198035703,2371.677465086207,168,10,2
2020-03,전주시,1574.2104946444997,1312.0003974702017,234,18,2
2020-03,정읍시,1802.4913678618857,1553.409090909091,57,3,1
2020-03,진안군,2558.391455813953,3096.6666666666665,17,2,1
2020-04,고창군,1833.1797235023041,1000.0,22,1,1
2020-04,군산시,896.7741935483871,550.0,6,1,1
2020-04,김제시,2032.4280983606552,1831.9047704081634,127,9,2
2020-04,남원시,2034.6881530366811,1911.209974166921,1256,102,2
2020-04,무주군,1194.8019801980197,1250.0,11,1,1
2020-04,부안군,1819.20635,1609.313725490196,46,4,2
2020-04,순창군,1568.1973137364048,1567.218902584493,172,15,2
2020-04,완주군,1577.081143316414,1737.1148711975359,451,34,2
2020-04,익산시,1842.4417541543144,1688.417387754044,805,63,2
2020-04,임실군,2187.5,,1,0,0
2020-04,장수군,2404.0085513389945,2461.8219537332484,235,17,2
2020-04,전주시,1328.4707219023264,1463.7781594202897,279,23,2
2020-04,정읍시,1145.4490861646234,1235.0746268656717,98,8,2
2020-04,진안군,2164.8553497997327,1524.812015037594,44,6,2
2020-05,고창군,2001.3698630136987,2345.2380952380954,19,2,2
2020-05,김제시,1884.7924644795264,1928.7927089816123,138,18,3
2020-05,남원시,1955.1030308838394,2127.658286875918,1190,150,3
2020-05,무주군,719.1176470588235,,4,0,0
2020-05,부안군,1992.4242424242425,,4,0,0
2020-05,순창군,1409.806016581849,1513.7108998655915,134,16,3
2020-05,완주군,1486.6224388955336,1838.573924552906,465,54,3
2020-05,익산시,2405.9592663523267,2491.6311628777707,821,101,3
2020-05,장수군,2208.285911249555,2395.6721000862813,387,46,3
2020-05,전주시,1157.0117872275016,1385.0174401972872,323,36,3
2020-05,정읍시,984.7661550933248,1292.1735206185567,114,14,3
2020-05,진안군,2531.412434375,2262.1584836065576,40,4,3
2020-06,고창군,1639.0407805989582,1583.33325,9,1,1
2020-06,김제시,2432.9553876444147,1836.2602314285714,110,6,2
2020-06,남원시,3433.5450272525004,3929.3031807263637,1323,143,3
2020-06,무주군,2870.4930338645418,3853.125,17,3,1
2020-06,부안군,3864.4578313253014,3500.0,5,1,1
2020-06,순창군,2721.6608201905374,3051.148661311914,185,20,3
2020-06,완주군,2465.8705570888374,3284.5747047370755,509,45,3
2020-06,익산시,3553.2758357659964,3899.216491298201,778,83,3
2020-06,임실군,1750.0,,1,0,0
2020-06,장수군,3312.3376943747194,3908.639097083861,570,55,3
2020-06,전주시,2423.610797752809,2907.2655113134656,266,24,3
2020-06,정읍시,1705.884191236053,2851.094890510949,89,8,3
2020-06,진안군,3755.297045276691,4213.699793193718,48,5,3
2020-07,고창군,5661.684751811595,,5,0,0
2020-07,김제시,4466.021460846085,3243.021316091954,89,8,2
2020-07,남원시,5497.813319329389,5041.425795942871,1392,103,2
2020-07,무주군,4485.967184801381,6121.428571428572,52,4,2
2020-07,부안군,4089.5061728395062,,19,0,0
2020-07,순창군,4194.8165500560945,4610.541190578158,148,8,2
2020-07,완주군,3304.328931402933,2821.467371931349,498,45,2
2020-07,익산시,5222.479188221467,3713.277548975746,833,63,2
2020-07,임실군,6043.632075471698,5037.5,16,2,2
2020-07,장수군,5190.169816096484,4825.158402588739,656,51,2
2020-07,전주시,3272.690205388069,3110.818746171814,234,19,2
2020-07,정읍시,2733.447799229416,3301.5811965811968,97,9,2
2020-07,진안군,4990.711547055087,4258.072255874674,133,12,2
2020-08,고창군,8264.739209183672,8115.384615384615,8,2,2
2020-08,김제시,8900.886130460683,11902.009234189722,102,12,3
2020-08,남원시,9806.360644060733,11061.522504573208,1662,203,3
2020-08,무주군,8397.69611574328,6918.373493975903,55,5,3
2020-08,부안군,6154.661016949152,,3,0,0
2020-08,순창군,7560.396856871088,8306.162757660168,124,20,3
2020-08,완주군,7435.119944098124,8745.351757039287,468,57,3
2020-08,익산시,8837.7633325742,10342.325161360926,947,112,3
2020-08,임실군,9982.183925287356,10354.166714285715,20,3,3
2020-08,장수군,8288.412462147964,9550.263094700624,641,78,3
2020-08,전주시,5883.514160217904,5737.170092845788,219,27,3
2020-08,정읍시,6500.136751608027,7921.315802631579,104,9,3
2020-08,진안군,8004.16438665634,8577.394134291377,185,22,3
2020-09,고창군,5041.726183333333,6044.117602941176,20,2,2
2020-09,군산시,500.0,,1,0,0
2020-09,김제시,5258.133814890282,5937.194490494297,129,16,3
2020-09,남원시,6618.89762631587,7309.272009721564,1780,206,3
2020-09,무주군,5460.644893960674,8173.333333333333,40,3,3
2020-09,순창군,4472.088830910327,4791.8339535714285,158,16,3
2020-09,완주군,4691.822981002881,5458.318631203282,424,54,3
2020-09,익산시,5293.609012160101,5378.122164048249,1008,126,3
2020-09,장수군,5808.694071214496,6529.817720777939,836,108,3
2020-09,전주시,3947.9023378102083,4140.731888287864,203,23,3
2020-09,정읍시,4036.4067452380955,3565.2631578947367,88,13,3
2020-09,진안군,5860.046366467277,5926.001068285281,185,23,3
2020-10,고창군,1929.365924456522,2229.1666229508196,16,2,2
2020-10,군산시,1152.914798206278,1113.095238095238,10,2,2
2020-10,김제시,1788.1693727412205,1115.4554100553505,103,10,2
2020-10,남원시,2123.50890156171,2393.8707501039994,1600,151,2
2020-10,무주군,3271.0077519379847,3139.4736842105262,20,2,2
2020-10,순창군,1481.6349743735761,1065.6792067510548,197,22,2
2020-10,완주군,1405.3682681482667,1458.1189411970424,366,36,2
2020-10,익산시,1799.7847638587875,1608.4577675398034,920,86,2
2020-10,임실군,3000.0,,1,0,0
2020-10,장수군,1853.8736550364579,1795.8803843024095,635,70,2
2020-10,전주시,1436.4304988123515,977.8509540481401,240,26,2
2020-10,정읍시,1722.6041588541666,1722.7611940298507,50,4,2
2020-10,진안군,2105.5467859681453,2151.892420395002,133,16,2
2020-11,고창군,1851.111534321373,2050.0,27,1,1
2020-11,김제시,1832.547318338161,1684.1321243523316,115,8,2
2020-11,남원시,2181.650600487595,1954.1556790967552,1388,104,2
2020-11,무주군,4007.5471698113206,3385.294117647059,12,2,2
2020-11,순창군,1503.2989044666667,1407.9747110091741,185,21,2
2020-11,완주군,1473.0451296095941,1148.5709092920354,342,29,2
2020-11,익산시,1826.3394138066212,1614.3969851849988,929,83,2
2020-11,장수군,2008.9377785801742,1817.6672190522245,501,41,2
2020-11,전주시,1381.5245746164574,898.9640990159902,228,17,2
2020-11,정읍시,975.822307073367,981.1,87,5,2
2020-11,진안군,2041.4366144867288,1993.387611617312,83,10,2
2020-12,고창군,3929.9672123842593,4111.111111111111,19,2,2
2020-12,김제시,3143.1941921224443,2955.227968553459,114,8,2
2020-12,남원시,3717.616132661025,3436.41867844173,1246,140,3
2020-12,무주군,2540.5405405405404,2600.0,3,1,1
2020-12,부안군,2583.3333333333335,,2,0,0
2020-12,순창군,3156.350877169274,3033.6333628571424,141,15,3
2020-12,완주군,2508.0118099034617,2362.1817583083457,364,40,3
2020-12,익산시,3555.101934746417,3481.9942148871505,887,95,3
2020-12,장수군,3416.449666127122,3558.1726639566396,301,28,3
2020-12,전주시,2766.3346912024203,2591.2607872807016,221,17,3
2020-12,정읍시,1179.662731871838,1358.4259259259259,59,4,2
2020-12,진안군,2717.369629207921,3007.0,54,5,3
2021-01,고창군,5807.8645330474255,5874.1667,29,3,3
2021-01,김제시,4880.370748973881,5060.2738894081,128,16,3
2021-01,남원시,5598.391592218693,5751.811756058921,1104,137,3
2021-01,부안군,4444.444444444444,,2,0,0
2021-01,순창군,5170.281247560182,5269.572128119002,135,16,3
2021-01,완주군,4198.990988803399,3912.274782994157,401,50,3
2021-01,익산시,4953.213723093988,5199.3131671791525,682,93,3
2021-01,장수군,5083.04905855214,5064.556244579358,178,23,3
2021-01,전주시,4173.892159637367,3753.788856141199,161,21,3
2021-01,정읍시,4615.553064275037,5889.807692307692,30,5,3
2021-01,진안군,4192.385057471264,4029.8076923076924,25,4,3
2021-02,고창군,3851.5422723440133,3732.2303553921565,31,6,3
2021-02,김제시,2680.3335225624496,2629.702385,104,13,3
2021-02,남원시,3237.645836695616,3267.861850851321,1016,126,3
2021-02,부안군,2282.051282051282,,14,0,0
2021-02,순창군,3050.236851719758,3326.035878094059,125,20,3
2021-02,완주군,2434.9276713341183,2670.9695873177347,372,47,3
2021-02,익산시,2846.745566666305,3297.69646963324,589,79,3
2021-02,장수군,3039.767924723579,3533.151960784314,148,17,3
2021-02,전주시,2289.9864272176114,2610.345553504769,204,27,3
2021-02,정읍시,2083.1317672927166,3827.887323943662,46,4,3
2021-02,진안군,2218.3238636363635,2308.695652173913,18,2,1
2021-03,고창군,3045.0932993678502,2995.9285657142855,36,6,3
2021-03,김제시,2376.621167604414,2247.4656733247425,113,11,3
2021-03,남원시,2668.3382654827788,2584.8177004695644,1382,157,3
2021-03,부안군,2249.464779005525,2343.0059523809523,29,3,2
2021-03,순창군,2672.4302414917947,2552.3300530726256,149,15,3
2021-03,완주군,2114.1465383096515,2074.2070120660455,435,44,3
2021-03,익산시,2506.4985491385974,2419.336692535943,745,82,3
2021-03,장수군,2825.881090648427,2521.6666666666665,222,24,3
2021-03,전주시,1827.6189754248685,1867.7831709258485,251,28,3
2021-03,정읍시,1987.7636232806926,2362.3214285714284,84,7,3
2021-03,진안군,2418.096405228758,2210.5263157894738,22,2,2
2021-04,고창군,3500.8854633596393,3570.5127884615385,20,2,2
2021-04,김제시,2502.383906964548,2099.5558086560363,106,6,2
2021-04,남원시,2987.7099728172234,3024.0771822478446,1193,104,2
2021-04,무주군,1587.878787878788,,2,0,0
2021-04,부안군,3045.4347826086955,2440.1315789473683,11,4,2
2021-04,순창군,2326.910875529457,2402.5750400417824,142,11,2
2021-04,완주군,2172.5940850928114,2209.877192797495,468,38,2
2021-04,익산시,2899.4655067046124,2852.8839393640137,760,58,2
2021-04,장수군,3074.8240339840772,3056.707839011516,293,23,2
2021-04,전주시,1627.7370734895055,1624.9742785493827,235,18,2
2021-04,정읍시,1769.7108877551018,1531.2656904761905,92,11,2
2021-04,진안군,3022.4983959823885,2899.3478559782607,51,4,2
2021-05,고창군,3817.910447761194,,3,0,0
2021-05,김제시,2307.066945655333,2191.045444155844,126,13,3
2021-05,남원시,2901.365298772221,2690.8848225467536,1201,137,3
2021-05,무주군,1748.5714285714287,1125.0,5,1,1
2021-05,부안군,2068.181818181818,,3,0,0
2021-05,순창군,1915.3697010982487,1762.56917739726,166,19,3
2021-05,완주군,2001.5536063762927,1762.023685421713,483,53,3
2021-05,익산시,3108.632178443482,2929.0260337864665,624,74,3
2021-05,장수군,3027.606601705537,2990.3165610288765,421,50,3
2021-05,전주시,1593.3098104974024,1387.5426095788112,227,31,3
2021-05,정읍시,1515.9989896776306,1010.3294892915981,88,12,3
2021-05,진안군,2584.7826481725124,2066.825803713528,83,13,3
2021-06,고창군,3755.501766129032,5233.33325,9,1,1
2021-06,김제시,2898.0807825492343,3400.0,42,2,2
2021-06,남원시,3809.420154168773,3866.707183245024,1325,136,3
2021-06,무주군,1646.433933933934,1908.3333333333333,20,3,1
2021-06,부안군,2459.741550695825,2750.0,9,1,1
2021-06,순창군,2761.0809250481198,2359.419232460243,171,20,3
2021-06,완주군,2479.8870479241314,2338.201996569179,416,46,3
2021-06,익산시,3940.520398586776,4255.086388444198,513,57,3
2021-06,임실군,1153.5714285714287,375.0,6,1,1
2021-06,장수군,3643.6206585562422,3726.854358449019,538,52,3
2021-06,전주시,2894.433430063183,3362.2570347129504,194,18,3
2021-06,정읍시,2145.4607843137255,2318.627450980392,41,3,2
2021-06,진안군,3694.8823694369976,3633.424971882641,65,6,3
2021-07,고창군,3232.0402298850577,2495.098039215686,4,2,2
2021-07,김제시,3815.8086177951873,6458.823529411765,70,2,1
2021-07,남원시,5433.806664431456,6234.41068416137,1566,122,2
2021-07,무주군,4508.924791019372,5600.0,72,3,1
2021-07,부안군,3173.362343785105,4171.510308871851,100,10,2
2021-07,순창군,3899.2468545751635,3838.9736842105262,83,9,2
2021-07,완주군,4034.8200011423405,4806.847074771441,424,27,2
2021-07,익산시,4860.147214991237,4339.878224657146,596,43,2
2021-07,임실군,2179.8469387755104,1700.0,12,1,1
2021-07,장수군,5030.704768326383,5742.331690142477,641,42,2
2021-07,전주시,3930.885702687295,4000.105305010893,174,12,2
2021-07,정읍시,6079.2657360139865,6394.2307692307695,31,3,2
2021-07,진안군,5340.927492411955,5823.931541019956,119,8,2
2021-08,고창군,7008.910234615384,,4,0,0
2021-08,김제시,5929.9490950226245,5490.0,35,2,2
2021-08,남원시,7418.116462370726,6241.803276536098,1505,125,2
2021-08,무주군,6374.970303716905,5796.969696969697,82,8,2
2021-08,부안군,5305.626701249526,4442.411502793296,54,3,2
2021-08,순창군,4812.294313296178,4165.012235294118,61,7,2
2021-08,완주군,5455.652450493365,4448.310581377933,365,27,2
2021-08,익산시,7073.941517131736,5060.410079489724,552,39,2
2021-08,임실군,1625.0,,4,0,0
2021-08,장수군,6767.734680622801,5804.054234162896,640,45,2
2021-08,전주시,5056.552882435426,4148.156222784811,169,13,2
2021-08,정읍시,7436.869158878505,9215.0,21,1,1
2021-08,진안군,6829.354479099768,5389.4018774509805,103,7,2
2021-09,고창군,5206.43940530303,3791.66675,4,1,1
2021-09,김제시,9393.13063063063,7797.8448275862065,49,4,2
2021-09,남원시,11993.993763673745,9196.407131877362,1433,147,2
2021-09,무주군,6491.219190140845,3746.25,55,10,2
2021-09,순창군,5114.115969581749,5124.324324324324,49,7,2
2021-09,완주군,8639.484725079437,6147.3759126008445,334,28,2
2021-09,익산시,9818.746474695205,6823.332059093865,518,42,2
2021-09,장수군,10566.916727668427,8471.476422779717,520,47,2
2021-09,전주시,7361.183086746839,6258.3125616,138,12,2
2021-09,정읍시,9959.325153374233,3000.0,24,2,1
2021-09,진안군,9702.143332804568,7442.022377977766,130,14,2
2021-10,고창군,9360.91270126488,16416.666666666668,25,2,1
2021-10,김제시,7540.825688073394,18250.0,28,1,1
2021-10,남원시,8581.239172855678,9335.224417540172,1435,169,3
2021-10,무주군,7937.5,4873.529411764706,49,3,2
2021-10,순창군,7461.09529006497,8580.397727272728,90,11,3
2021-10,완주군,6104.2177324242875,6620.465758713562,388,44,3
2021-10,익산시,7852.2368295598635,8612.739587411521,598,69,3
2021-10,장수군,8106.187423081222,9943.17989412127,503,52,3
2021-10,전주시,5964.688106035074,7651.389694527736,166,19,3
2021-10,정읍시,9902.90909090909,4358.648648648648,23,5,3
2021-10,진안군,6554.08072356905,6525.342437648455,115,13,3
2021-11,고창군,4646.524495260664,4000.0,11,2,1
2021-11,김제시,2266.3251366120217,1847.8,43,6,2
2021-11,남원시,4335.490341392205,4040.0073701924907,1087,97,3
2021-11,무주군,2776.460481099656,2008.3333333333333,26,2,2
2021-11,순창군,3187.501448192771,2806.880536666667,89,7,3
2021-11,완주군,2652.391601089183,2544.8890702222225,347,33,3
2021-11,익산시,2863.077917517981,2899.2022313682055,621,58,3
2021-11,장수군,4068.197091389329,3656.3082479485115,375,39,3
2021-11,전주시,2609.8231652493596,2438.4407356937013,141,13,2
2021-11,정읍시,4198.6642599277975,3735.4761904761904,26,3,2
2021-11,진안군,3916.001943945003,4575.0,56,1,1
2021-12,고창군,3455.257926587302,4250.0,8,1,1
2021-12,김제시,2208.9521471004246,1509.567925925926,39,2,1
2021-12,남원시,3924.391786892096,3546.8558442662784,1092,91,2
2021-12,무주군,2077.6190476190477,,7,0,0
2021-12,부안군,1440.7242063492063,2139.705882352941,13,2,1
2021-12,순창군,3031.567746956867,2476.55035235732,120,11,2
2021-12,완주군,2216.6067999099346,1818.1145566247974,408,30,2
2021-12,익산시,3042.3618942522435,3153.302236600183,649,46,2
2021-12,장수군,3648.3298723874673,3408.325545864046,249,22,2
2021-12,전주시,2042.9899515022114,1724.5277777777778,164,6,1
2021-12,정읍시,2135.579150579151,3160.0,22,1,1
2021-12,진안군,4162.783386020151,1969.4444444444443,26,2,2
2022-01,고창군,5790.8805031446545,,4,0,0
2022-01,김제시,3540.07204610951,4504.878048780488,53,5,3
2022-01,남원시,5529.503617450938,5527.371182222367,1062,131,3
2022-01,무주군,2625.0,2625.0,1,1,1
2022-01,부안군,2778.2258064516127,,4,0,0
2022-01,순창군,4833.6306722222225,5024.475719986357,168,17,3
2022-01,완주군,3883.0755550769436,4019.1320427070327,398,49,3
2022-01,익산시,4036.5186846682564,4028.094365364798,590,75,3
2022-01,장수군,5187.979437836591,5257.146029023746,111,13,3
2022-01,전주시,3690.6245314303487,3881.7200456751357,147,24,3
2022-01,정읍시,2115.440414507772,20000.0,19,1,1
2022-01,진안군,5140.976162181303,6800.762195121952,27,2,1
2022-02,고창군,1059.9489795918366,,7,0,0
2022-02,김제시,1908.6967054263566,1935.9375,24,4,3
2022-02,남원시,2935.1648662488687,3619.1481882550943,879,125,3
2022-02,무주군,500.0,,1,0,0
2022-02,부안군,1425.0,1250.0,8,1,1
2022-02,순창군,2473.4554365497875,2849.0395994776827,130,17,3
2022-02,완주군,2002.6873426857476,2170.642461396038,375,58,3
2022-02,익산시,2259.0546862462793,2825.7510628012074,470,68,3
2022-02,임실군,1750.0,2500.0,3,1,1
2022-02,장수군,2729.797083014746,2649.4283536585367,106,14,3
2022-02,전주시,1819.9879394484797,1923.6449635099914,159,27,3
2022-02,정읍시,2994.5405405405404,2632.5,17,1,1
2022-02,진안군,1482.7922077922078,,8,0,0
2022-03,고창군,1643.8316400580552,1895.0980392156862,28,4,3
2022-03,김제시,2344.3847542699723,2084.6938775510203,58,8,3
2022-03,남원시,3060.786215919555,3268.016730276395,1189,135,3
2022-03,무주군,1476.0,,2,0,0
2022-03,부안군,1587.3655913978494,2075.3968253968255,24,3,3
2022-03,순창군,2458.074780756029,2290.322576446281,173,19,3
2022-03,완주군,2198.801079303125,2041.5655479269685,442,48,3
2022-03,익산시,2444.8795255147265,2714.8662062980784,666,79,3
2022-03,장수군,3196.00350786656,3301.764191336775,203,21,3
2022-03,전주시,2189.5044407318833,2022.9934546398893,196,23,3
2022-03,정읍시,2148.8010204081634,3488.125,16,2,1
2022-03,진안군,2430.245346869712,2783.108108108108,21,4,3
2022-04,고창군,2437.6726519337017,2562.5,6,1,1
2022-04,김제시,2707.259842519685,2776.26582278481,45,6,3
2022-04,남원시,3297.3128563383975,3227.966549518931,1117,106,3
2022-04,무주군,1261.280487804878,1750.0,7,2,2
2022-04,부안군,1685.528992878942,1623.9583333333333,45,5,3
2022-04,순창군,2892.0291873266965,2661.49793878327,182,20,3
2022-04,완주군,2565.2932056256923,2454.382718184337,496,52,3
2022-04,익산시,2979.0103155372353,2749.8488233576313,733,84,3
2022-04,임실군,1749.3902439024391,,4,0,0
2022-04,장수군,3330.910835816072,3249.856586579013,305,39,3
2022-04,전주시,2464.915600629654,2333.1529391607114,212,27,3
2022-04,정읍시,2829.005235602094,2679.4117647058824,31,3,3
2022-04,진안군,2045.4162987099644,2443.6305684713375,84,12,3
2022-05,김제시,1377.009788179294,846.4912280701755,59,2,1
2022-05,남원시,3048.060031742498,3363.560845901447,1137,83,2
2022-05,무주군,1082.4902723735408,1950.0,21,1,1
2022-05,부안군,1371.3039867109635,1947.7611940298507,65,3,2
2022-05,순창군,2229.968541777646,2436.21026344086,167,12,2
2022-05,완주군,1979.9822982520068,2132.5478185887705,498,37,2
2022-05,익산시,2669.9358885106044,3162.012121847234,741,60,2
2022-05,임실군,375.0,,2,0,0
2022-05,장수군,3206.64863370153,3034.333163751345,432,33,2
2022-05,전주시,1783.6564024263384,1667.601646650327,227,15,2
2022-05,정읍시,2734.4307692307693,1025.0,27,1,1
2022-05,진안군,2261.3804269890743,2303.2128373493974,133,6,2
2022-06,고창군,2157.786589932127,4110.714285714285,26,2,1
2022-06,김제시,2629.8368801477377,3036.5591612903227,66,5,2
2022-06,남원시,4288.935471109248,4160.996130830041,1388,119,2
2022-06,무주군,1711.1199378980891,2115.1162790697676,34,2,1
2022-06,부안군,4090.225563999284,3525.700934579439,53,4,2
2022-06,순창군,3070.981752556993,3372.0495693979933,189,14,2
2022-06,완주군,2788.611451890347,3226.9298590044127,455,37,2
2022-06,익산시,4131.186000761486,4884.965684700422,719,54,2
2022-06,임실군,1225.0,,3,0,0
2022-06,장수군,3922.9740792952766,3520.0684482929737,560,45,2
2022-06,전주시,2975.3493298967437,3583.257328990228,199,16,2
2022-06,정읍시,4005.969696969697,,23,0,0
2022-06,진안군,4209.903698,4818.070996083551,133,10,2
2022-07,고창군,4608.648648648648,5378.773584905661,18,3,2
2022-07,김제시,6343.2552455573505,7303.322784810127,63,5,3
2022-07,남원시,9285.076986606546,10041.898812986406,1785,219,3
2022-07,무주군,4341.978288834494,4852.032499999999,73,7,3
2022-07,부안군,6450.094084320898,7109.154821338385,116,13,3
2022-07,순창군,7591.39281749538,7309.813145146089,159,22,3
2022-07,완주군,6235.113957806721,7065.053492209592,417,50,3
2022-07,익산시,9574.96018555625,10764.010559361286,738,83,3
2022-07,장수군,8420.766235514193,8802.443876503972,740,81,3
2022-07,전주시,6550.698617167368,6717.08658106267,160,19,3
2022-07,정읍시,6298.263888888889,6523.958333333333,27,4,2
2022-07,진안군,8792.363637391305,9731.627528497409,215,22,3
2022-08,고창군,7013.291139240507,5894.047619047619,11,4,3
2022-08,김제시,8516.90217949489,8487.857142857143,43,2,2
2022-08,남원시,10048.147157254385,9811.867712909441,1853,208,3
2022-08,무주군,4660.933449774498,4972.905027932961,92,12,3
2022-08,부안군,5391.527374027756,4967.215817423231,96,10,3
2022-08,순창군,8758.730330078193,7891.546320185615,158,19,3
2022-08,완주군,8288.373243254073,8177.355193157642,504,54,3
2022-08,익산시,9354.349450713884,8608.461609491274,788,101,3
2022-08,장수군,9753.599476004389,9425.474346448733,822,91,3
2022-08,전주시,6974.543591180024,6111.500415014164,165,12,3
2022-08,정읍시,9936.756756756757,15000.0,13,1,1
2022-08,진안군,9271.661537873722,8937.378425569179,274,30,3
2022-09,고창군,8250.0,8250.0,1,1,1
2022-09,김제시,4177.544469120553,5310.714285714285,46,2,2
2022-09,남원시,6409.780769640257,8372.55865941046,1611,157,2
2022-09,무주군,3447.052846883469,5052.941176470588,81,5,2
2022-09,부안군,3787.3744038120562,7312.5,35,3,2
2022-09,순창군,4861.498473213305,5041.280531690141,138,11,2
2022-09,완주군,3995.662820898913,5008.204130572373,482,39,2
2022-09,익산시,4691.71603436649,7395.930422816579,756,65,2
2022-09,장수군,5623.645501485192,8495.932606624056,624,65,2
2022-09,전주시,3472.7275571195255,5500.73290288942,180,20,2
2022-09,정읍시,6254.588235294118,,18,0,0
2022-09,진안군,5799.6157582098895,7812.258062661834,258,20,2
2022-10,고창군,3078.5714285714284,,3,0,0
2022-10,김제시,2483.7038258998996,2544.1288295454547,48,7,3
2022-10,남원시,3962.7736929389253,4217.855885266839,1589,195,3
2022-10,무주군,1703.6060279870828,2343.181818181818,56,6,3
2022-10,부안군,1610.8003442340791,1892.2651933701657,16,5,2
2022-10,순창군,3079.541609633718,3230.361261452031,162,22,3
2022-10,완주군,2476.703107639525,2570.5191948529414,482,59,3
2022-10,익산시,2912.135210301511,3410.4248968266415,878,96,3
2022-10,장수군,3469.6941627868505,3517.2478183022777,614,68,3
2022-10,전주시,2381.8324319943817,2266.9966704166663,227,29,3
2022-10,정읍시,4435.777777777777,5355.0,22,3,3
2022-10,진안군,3795.8968541325053,4101.806394328358,196,24,3
2022-11,고창군,1350.3676470588234,1000.0,5,1,1
2022-11,김제시,1630.9928471354872,1217.3055994575045,81,11,3
2022-11,남원시,2430.716992482301,2325.9648550460142,1315,164,3
2022-11,무주군,1045.0402144772117,,13,0,0
2022-11,부안군,863.3828996282527,500.0,9,2,2
2022-11,순창군,1751.3968137193424,1602.634091137966,178,19,3
2022-11,완주군,1634.8152035470632,1518.7893146619942,407,49,3
2022-11,익산시,1835.002267472918,1726.6798368413477,892,109,3
2022-11,장수군,2426.4649773778847,2134.25924697033,423,55,3
2022-11,전주시,1493.803993187005,1279.313751317523,160,17,3
2022-11,정읍시,2517.365269461078,7500.0,15,2,2
2022-11,진안군,2548.110368682567,2254.589031671859,59,15,3
2022-12,고창군,3692.1794871794873,3025.0,12,1,1
2022-12,김제시,4269.535006661515,3421.992731521739,145,8,2
2022-12,남원시,6227.6799276026995,4918.306013357216,1267,88,2
2022-12,무주군,1274.1935483870968,,2,0,0
2022-12,순창군,4824.990136877017,3587.388529904306,145,10,2
2022-12,완주군,4597.7629090200235,3671.908535341453,471,33,2
2022-12,익산시,5128.130850155222,3649.426631162745,840,61,2
2022-12,장수군,5173.457980763814,2979.5104012131715,217,15,2
2022-12,전주시,3777.03831580737,3138.0308238770685,162,13,2
2022-12,정읍시,6034.574468085107,5000.0,14,2,1
2022-12,진안군,3865.4026101123595,,30,0,0
2023-01,고창군,3997.979797979798,7200.0,12,1,1
2023-01,김제시,5029.680064159858,6425.023763027295,159,13,2
2023-01,남원시,6789.16138213772,7267.045281680646,1073,91,2
2023-01,무주군,2962.5,,5,0,0
2023-01,부안군,4449.0291262135925,,5,0,0
2023-01,순창군,4969.7836678099375,5384.270669610008,148,13,2
2023-01,완주군,4514.957271132844,4553.136540446254,457,36,2
2023-01,익산시,5641.249330664677,5737.186061088122,709,47,2
2023-01,장수군,6670.00173423466,7394.097222222223,120,9,2
2023-01,전주시,4294.548025089354,5097.964734042554,193,15,2
2023-01,정읍시,6227.434210526316,10000.0,12,1,1
2023-01,진안군,4164.5723336853225,3750.0,24,1,1
2023-02,고창군,3028.272980501393,3225.0,11,1,1
2023-02,김제시,3678.542658714703,3616.4260969976904,184,15,2
2023-02,남원시,4442.784841531119,4169.511740353408,1175,99,2
2023-02,무주군,2657.8125,,2,0,0
2023-02,부안군,3052.341597796143,3419.811320754717,15,2,1
2023-02,순창군,3936.4603181676243,3546.574887878787,144,11,2
2023-02,완주군,3071.8702181486788,2952.0451559794997,478,44,2
2023-02,익산시,3919.491055921406,3720.7680421566724,754,63,2
2023-02,장수군,4083.9656947605426,3867.1265461465273,154,13,2
2023-02,전주시,3083.5769788936595,3352.507033157277,236,20,2
2023-02,정읍시,3606.5116279069766,4475.0,16,1,1
2023-02,진안군,2771.09375,3261.734693877551,19,4,1
2023-03,고창군,2188.503729706011,1337.8995433789955,19,3,1
2023-03,김제시,3190.228248373119,2091.9103089668615,221,16,2
2023-03,남원시,3560.8208658651397,2557.43938269091,1400,109,2
2023-03,무주군,1857.5396825396826,1874.0,14,2,1
2023-03,부안군,4867.111650485437,,7,0,0
2023-03,순창군,2978.712771570046,1997.7439642857144,177,12,2
2023-03,완주군,2658.3639657669846,1774.4835146527114,615,54,2
2023-03,익산시,3327.971660861181,2304.611159974883,786,57,2
2023-03,장수군,3529.134361870146,2748.9514348785874,221,18,2
2023-03,전주시,2725.899048733119,1855.8976749201277,293,25,2
2023-03,정읍시,2682.5369913686804,3273.6,33,3,2
2023-03,진안군,2447.2135007849292,500.0,40,1,1
2023-04,고창군,1500.0,,1,0,0
2023-04,김제시,2787.801071835945,2868.9699636016985,215,29,3
2023-04,남원시,3459.556020415952,3780.558585789181,1300,166,3
2023-04,무주군,1609.5454545454545,1489.2857142857142,8,2,2
2023-04,부안군,1387.809187279152,1602.112676056338,16,2,1
2023-04,순창군,2523.9174207010924,2877.372990048741,173,17,3
2023-04,완주군,2421.5431506909213,2800.4910478858383,638,77,3
2023-04,익산시,2891.186562312855,3200.5410305167175,847,93,3
2023-04,임실군,1375.0,,1,0,0
2023-04,장수군,3487.290681910091,3747.22239328611,278,34,3
2023-04,전주시,2142.013712923077,2255.433245171998,277,32,3
2023-04,정읍시,3203.0,3014.5833333333335,17,2,1
2023-04,진안군,2859.512655420181,2676.5625,50,4,2
2023-05,고창군,1302.9661016949153,1300.0,3,1,1
2023-05,김제시,2370.51465547559,2758.5770986662683,198,23,3
2023-05,남원시,2937.8580214466747,3339.907324873652,1526,157,3
2023-05,무주군,890.2777777777778,296.875,12,2,1
2023-05,부안군,1661.1675126903554,2125.0,25,3,3
2023-05,순창군,2201.649753637661,2567.5904607427055,162,17,3
2023-05,완주군,2161.2138497011038,2852.3695896043714,637,71,3
2023-05,익산시,2499.5106463065313,2796.2762061070634,951,107,3
2023-05,장수군,3169.243477312726,3743.498810477002,476,45,3
2023-05,전주시,1777.164751063111,2131.9903034001745,274,27,3
2023-05,정읍시,2544.1935483870966,6886.0,26,2,1
2023-05,진안군,2705.2849343697826,3625.969387755102,103,13,3
2023-06,고창군,2225.0,,1,0,0
2023-06,김제시,3321.624863685435,3889.382467630854,228,16,2
2023-06,남원시,3570.4414454304997,3310.9980599808778,1759,135,2
2023-06,무주군,2665.905172413793,,28,0,0
2023-06,부안군,2384.445490693605,2065.5818106508877,64,4,2
2023-06,순창군,3404.0459714226463,3253.223019693654,191,15,2
2023-06,완주군,2733.1416997031056,2366.1086962453064,521,38,2
2023-06,익산시,3559.765786994874,2954.0102193761904,821,64,2
2023-06,임실군,1635.0,,6,0,0
2023-06,장수군,3506.727399458181,3395.295579053254,555,42,2
2023-06,전주시,2743.3885166839077,2789.620735447761,222,19,2
2023-06,정읍시,1418.0034275921166,1722.2222222222222,31,5,2
2023-06,진안군,3469.697376223584,3340.8913207282912,194,10,2
2023-07,고창군,8181.435648239824,6584.8004559859155,31,6,2
2023-07,김제시,8811.72859219034,6403.54143413272,250,28,3
2023-07,남원시,10753.956339585102,9886.200792124422,1846,218,3
2023-07,무주군,5280.835832167832,5395.901639344263,91,7,3
2023-07,부안군,7857.631465166478,6180.824311907984,190,21,3
2023-07,순창군,8703.500617260128,7426.450236526945,180,17,3
2023-07,완주군,9059.771195531055,8067.370148721457,454,44,3
2023-07,익산시,9605.708746295917,8605.836403256577,750,83,3
2023-07,임실군,9216.87583050347,5037.921348314607,42,3,2
2023-07,장수군,10073.69529976368,9947.5746395525,699,75,3
2023-07,전주시,7656.743604228392,6094.781302272727,229,22,3
2023-07,정읍시,10450.153990708357,9250.0,29,1,1
2023-07,진안군,10531.970915811135,9396.40091791137,358,43,3
2023-08,고창군,7535.1954180478815,7373.717888461538,19,2,2
2023-08,김제시,5166.333141756313,3327.778688721804,218,15,2
2023-08,남원시,7753.790099612519,6224.030515074291,1954,185,3
2023-08,무주군,4021.481684439608,3936.40350877193,72,7,3
2023-08,부안군,4866.004140602345,3990.8361314907875,149,16,3
2023-08,순창군,5739.826026078837,4190.131252438325,133,13,3
2023-08,완주군,5343.500519827175,3614.11707565337,482,44,3
2023-08,익산시,6610.700666332099,4521.961476359068,911,78,3
2023-08,임실군,4999.52405341551,5279.42272765363,51,5,3
2023-08,장수군,7133.932050889136,6106.315696688609,881,84,3
2023-08,전주시,4001.067877088718,2752.5874433115823,196,17,3
2023-08,정읍시,8964.666666666666,14375.0,13,2,2
2023-08,진안군,6815.83211702409,4942.547339983823,409,32,2
2023-09,고창군,9040.70796460177,9082.35294117647,8,2,1
2023-09,김제시,6640.646105283161,6884.599082883578,172,25,3
2023-09,남원시,8623.506853130524,9236.675342443865,1727,219,3
2023-09,무주군,3424.9300699300697,4108.712121212121,50,10,3
2023-09,부안군,5508.8309856839005,5130.087309047619,114,17,3
2023-09,순창군,6808.964568671377,7589.871083563536,147,19,3
2023-09,완주군,5717.102270141859,6153.045671348745,475,61,3
2023-09,익산시,6466.6980592645,6543.942322556094,933,113,3
2023-09,임실군,5090.298033029613,4932.403846153846,34,5,2
2023-09,장수군,8160.632553733894,8479.000606055391,764,92,3
2023-09,전주시,5083.313996773936,5376.652630130597,168,25,3
2023-09,정읍시,4780.0,8378.333333333334,15,2,2
2023-09,진안군,6956.766700483442,7042.853114771152,354,47,3
2023-10,고창군,6120.058648465704,,23,0,0
2023-10,김제시,5155.986971978296,6309.669377173913,206,18,2
2023-10,남원시,6128.214936693567,6863.893915393654,1787,131,2
2023-10,무주군,2662.0238095238096,1422.972972972973,22,3,1
2023-10,부안군,3922.9299363057326,3750.0,14,1,1
2023-10,순창군,4651.15714345364,4551.546752057613,171,8,2
2023-10,완주군,4392.780607030439,4517.407514176742,414,26,2
2023-10,익산시,5202.200673223526,5923.3867513882415,1020,74,2
2023-10,임실군,3146.541786743516,3473.076923076923,25,2,2
2023-10,장수군,5874.538308759757,6897.252299369483,789,67,2
2023-10,전주시,4146.296044304494,5048.338701630674,186,16,2
2023-10,정읍시,6662.5,8425.0,11,1,1
2023-10,진안군,5959.868236690666,6461.168486163051,246,22,2
2023-11,고창군,4712.209302325581,,7,0,0
2023-11,김제시,3235.4370214770984,4421.8372066062175,186,14,2
2023-11,남원시,4378.069140838335,5953.943377467465,1669,126,2
2023-11,무주군,2021.078431372549,2300.0,17,1,1
2023-11,부안군,1349.6969696969697,,6,0,0
2023-11,순창군,3448.40379080243,4345.490977272728,140,9,2
2023-11,완주군,3148.2082739519706,3851.035054549983,504,36,2
2023-11,익산시,3518.443662116677,4423.105522489259,899,67,2
2023-11,임실군,1562.4137931034484,,10,0,0
2023-11,장수군,4036.345206538497,6309.864325618516,503,31,2
2023-11,전주시,2881.144446993141,4150.461230150215,142,11,2
2023-11,정읍시,4740.606060606061,,14,0,0
2023-11,진안군,4048.4337993138174,5875.772086397059,102,4,2
2023-12,고창군,2559.5873786407765,,9,0,0
2023-12,김제시,2339.3503701965383,2142.892818119891,169,16,3
2023-12,남원시,4160.616630072483,3886.125888888889,1496,166,3
2023-12,무주군,1736.6666666666667,2200.0,6,1,1
2023-12,부안군,10000.0,,1,0,0
2023-12,순창군,2580.721856792395,2111.73727658046,122,12,3
2023-12,완주군,2371.7308105220914,2066.4546494581887,490,54,3
2023-12,익산시,3057.266440103894,2902.5798943183604,994,98,3
2023-12,임실군,2326.490280109489,1193.661971830986,10,2,2
2023-12,장수군,3953.5728182579564,2855.993735763098,226,32,3
2023-12,전주시,2128.373478599222,1578.9898209523808,116,12,2
2023-12,정읍시,7621.428571428572,,11,0,0
2023-12,진안군,3186.8642614138435,3109.1485507246375,41,8,3
2024-01,고창군,3592.2916666666665,3605.978260869565,6,3,2
2024-01,김제시,4233.755205568804,4132.753273529412,214,24,3
2024-01,남원시,5218.085706159147,5170.78579418042,1444,164,3
2024-01,부안군,1585.5263157894738,,2,0,0
2024-01,순창군,4177.63761398069,4411.9544529847835,178,17,3
2024-01,완주군,3515.7570721835637,3546.35721998606,521,57,3
2024-01,익산시,4748.8464756932835,5001.002910440509,946,119,3
2024-01,임실군,3875.0,,1,0,0
2024-01,장수군,5397.831441702614,5486.632227532097,182,27,3
2024-01,전주시,3713.6608004608015,4065.1291214057514,150,15,3
2024-01,정읍시,4553.008849557522,2275.862068965517,13,2,1
2024-01,진안군,3946.1004273504273,4453.935185185185,32,6,3
2024-02,고창군,1952.2598870056497,,13,0,0
2024-02,김제시,2486.62084908697,2486.415238636364,217,20,2
2024-02,남원시,3373.323167175109,3869.320820716886,1288,116,2
2024-02,무주군,1763.7096774193549,,2,0,0
2024-02,순창군,2650.4574486325923,2847.3740947537476,218,23,2
2024-02,완주군,2218.691465475335,2336.379519392639,552,51,2
2024-02,익산시,2902.199202489722,3165.76822897665,849,83,2
2024-02,임실군,2012.439024390244,,6,0,0
2024-02,장수군,3279.4625570232874,4230.8441558441555,166,21,2
2024-02,전주시,2083.7652767000754,1988.984668918919,165,20,2
2024-02,정읍시,3935.042735042735,4212.5,16,1,1
2024-02,진안군,2108.653846153846,3100.0,8,1,1
2024-03,고창군,3082.0395738203956,3787.7906976744184,25,3,2
2024-03,김제시,3421.8713092854073,3748.413781796469,273,35,3
2024-03,남원시,4129.716777967306,4329.983475354107,1624,187,3
2024-03,부안군,1750.0,,2,0,0
2024-03,순창군,3609.300723536737,3619.39591939611,262,28,3
2024-03,완주군,3198.6547678455318,3324.536240527424,648,76,3
2024-03,익산시,3464.6359018391668,3647.5915545694825,967,108,3
2024-03,임실군,4229.00641025641,4650.0,16,1,1
2024-03,장수군,4133.470323167606,4236.304062356718,296,30,3
2024-03,전주시,2996.85815906969,3338.2755825467502,258,28,3
2024-03,정읍시,3675.6781151960786,7237.5,23,4,3
2024-03,진안군,2516.1002548853016,3320.714285714286,29,3,2
2024-04,고창군,1553.8461538461538,1625.0,13,2,1
2024-04,김제시,2104.0805009691544,1997.2264005391262,248,32,3
2024-04,남원시,2706.7128330542146,2883.014637427659,1535,181,3
2024-04,무주군,1322.1491228070176,1083.7121212121212,3,2,2
2024-04,부안군,2827.5,3000.0,9,1,1
2024-04,순창군,2136.4376863734083,2268.8694942307693,283,31,3
2024-04,완주군,1961.292132249932,2041.8615929284038,583,69,3
2024-04,익산시,2316.1497616290294,2308.9577703097834,936,112,3
2024-04,임실군,2286.0024884464983,2503.7735849056603,39,5,3
2024-04,장수군,2876.4657559502393,3077.9555999659983,357,42,3
2024-04,전주시,1717.4796024689188,2250.4093478563477,236,36,3
2024-04,정읍시,1715.0409896879958,1697.659574468085,66,6,2
2024-04,진안군,2902.8094688796687,3640.1922903846153,57,6,3
2024-05,고창군,1594.027484143763,,18,0,0
2024-05,김제시,2142.1817402454394,1567.0847516949152,227,16,2
2024-05,남원시,2707.2643530402133,2288.5826661395404,1413,111,2
2024-05,무주군,1107.6399394856278,500.0,23,1,1
2024-05,부안군,3000.0,,1,0,0
2024-05,순창군,2089.3002968935193,1465.200116097561,333,21,2
2024-05,완주군,2043.1546036370066,1691.3263270596774,583,54,2
2024-05,익산시,2465.1101148969624,1925.8723397259027,894,64,2
2024-05,임실군,1904.5978422513883,1712.4338624338625,39,4,2
2024-05,장수군,2628.756373796367,2382.8421193358163,444,36,2
2024-05,전주시,1685.724414296398,1757.568705357143,243,16,2
2024-05,정읍시,1973.139768171385,1697.1762996941898,113,9,2
2024-05,진안군,2543.548842362452,2165.1654356617646,151,10,2
2024-06,고창군,3709.5307917888563,3637.5,15,2,1
2024-06,군산시,3152.3809523809523,,3,0,0
2024-06,김제시,2615.6291339611366,2391.1000386869873,246,29,3
2024-06,남원시,2928.74635240441,2926.627219100057,1738,201,3
2024-06,무주군,1596.1912311770943,1089.2857142857142,43,4,3
2024-06,부안군,2501.569241735537,1840.2777777777778,21,4,2
2024-06,순창군,2112.6486814373325,1990.1845702811245,233,21,3
2024-06,완주군,1996.2041820948255,1974.3036298357918,601,78,3
2024-06,익산시,2806.490505829814,2433.6302889783487,863,106,3
2024-06,임실군,2000.595238095238,2075.0,8,1,1
2024-06,장수군,2869.3262620412424,2739.5347635379653,584,65,3
2024-06,전주시,2048.350668278724,2046.4685415120593,215,27,3
2024-06,정읍시,2385.605112713525,2437.047664285714,76,9,3
2024-06,진안군,2989.1895142441413,2586.867904881731,268,33,3
2024-07,고창군,6527.566367158671,5455.648148148148,59,7,3
2024-07,군산시,7351.032110091744,4180.172413793103,22,2,1
2024-07,김제시,6576.390835419831,6319.346008203708,409,51,3
2024-07,남원시,7590.649084581825,7664.318226765094,2222,254,3
2024-07,무주군,3156.8776150627614,2307.2429906542056,84,8,3
2024-07,부안군,6154.796474651703,5324.662847375691,219,25,3
2024-07,순창군,5722.914715748176,6550.674279256966,136,12,3
2024-07,완주군,4867.782859707847,4841.971519381688,583,59,3
2024-07,익산시,6484.311220572475,5962.00049662882,901,109,3
2024-07,임실군,6137.657062570041,7309.334088772846,82,10,3
2024-07,장수군,6669.752687122527,7065.798794646165,808,82,3
2024-07,전주시,4888.604338179256,4292.064065177398,283,26,3
2024-07,정읍시,4506.532889780797,3579.3636363636365,88,13,3
2024-07,진안군,6723.961689997942,6269.340884222737,548,59,3
2024-08,고창군,7256.809243199714,7532.0,47,3,2
2024-08,군산시,5000.914149443562,5709.615384615385,28,3,2
2024-08,김제시,7772.355871634332,6633.7166518714,309,28,2
2024-08,남원시,9066.22681060417,8804.798251681052,2224,166,2
2024-08,무주군,3420.9580838323354,3778.125,61,5,2
2024-08,부안군,7005.292096231238,6720.315945640176,232,20,2
2024-08,순창군,7826.82932141191,7356.332743206521,105,8,2
2024-08,완주군,6184.079144800598,5622.646710544243,497,32,2
2024-08,익산시,8311.16321239027,7550.840498729257,980,73,2
2024-08,임실군,7104.6710539386895,6439.1796671875,120,9,2
2024-08,장수군,8030.35627201808,8007.078417695473,849,67,2
2024-08,전주시,5677.20767250422,5802.861399087055,254,22,2
2024-08,정읍시,6451.472494117647,7268.000050000001,64,4,2
2024-08,진안군,8262.777942910381,7275.7603802990325,536,41,2
2024-09,고창군,12303.158602150537,,7,0,0
2024-09,군산시,7063.636363636364,6825.0,7,1,1
2024-09,김제시,12057.394756455826,14251.070002176279,241,20,2
2024-09,남원시,14856.36877267302,15452.229400393258,1748,180,3
2024-09,무주군,6411.567164179104,6471.428571428572,18,2,2
2024-09,부안군,8041.340149076517,10228.406313868614,84,7,1
2024-09,순창군,12988.963961600184,11893.532625,81,8,3
2024-09,완주군,13608.733604069981,12903.769456331433,465,37,2
2024-09,익산시,13062.800590366702,14587.258013859047,938,75,2
2024-09,임실군,8655.24149510444,8057.232704402516,29,2,1
2024-09,장수군,13668.583610487292,13239.399259877186,691,82,3
2024-09,전주시,10444.30214128118,10373.360431292862,158,16,2
2024-09,정읍시,12905.796637313904,10148.46664,57,6,2
2024-09,진안군,14157.7495930639,15349.538889261146,393,38,3
2024-10,고창군,7349.37154348919,9528.57142857143,20,2,1
2024-10,김제시,10821.574972226761,10586.0529986053,263,29,3
2024-10,남원시,11914.562691851252,12560.766455963247,2023,221,3
2024-10,무주군,4484.191176470588,6650.0,20,1,1
2024-10,부안군,8045.888157894737,6875.0,4,1,1
2024-10,순창군,9359.78218036172,10141.3152124031,143,14,3
2024-10,완주군,9519.12926589156,8917.422707228288,713,68,3
2024-10,익산시,10345.06249132693,12129.612101727796,1063,124,3
2024-10,임실군,10470.629241835833,15702.134146341463,39,2,2
2024-10,장수군,11844.575189138715,11923.55421533066,785,92,3
2024-10,전주시,8733.932882062087,11528.89955342563,235,25,3
2024-10,정읍시,6457.667101308028,6178.71462264151,104,10,3
2024-10,진안군,11233.628786408133,11839.545700559394,369,46,3
2024-11,고창군,2193.2976973684213,3346.0365853658536,26,2,2
2024-11,김제시,2747.5822163402463,2502.259774984672,247,24,3
2024-11,남원시,5069.404100340928,5262.860636592723,1800,203,3
2024-11,무주군,2482.1865443425077,1373.3333333333333,28,4,2
2024-11,부안군,3104.3238993710693,1725.0,5,1,1
2024-11,순창군,3558.8513205844433,3568.607425893173,144,16,3
2024-11,완주군,3153.0890635343126,3335.3609257948865,711,80,3
2024-11,익산시,3064.4375058519418,2886.165291867288,1165,137,3
2024-11,임실군,4140.811241798942,5443.794281914893,23,3,2
2024-11,장수군,5554.246671853218,4942.90087836307,534,65,3
2024-11,전주시,2773.832513807531,3180.876558642878,198,27,3
2024-11,정읍시,3511.8984156521738,2930.908166666666,113,11,3
2024-11,진안군,5683.169625483612,5242.632955623902,207,26,3
2024-12,고창군,2383.233249051833,1997.6744186046512,38,5,2
2024-12,군산시,1268.3333333333333,,2,0,0
2024-12,김제시,2480.172183066588,2161.083249749248,230,16,2
2024-12,남원시,3853.2145413665107,3410.671246309088,1832,140,2
2024-12,무주군,751.8413597733711,,8,0,0
2024-12,부안군,1730.0,,3,0,0
2024-12,순창군,2604.943228739003,2486.5811382636653,135,8,2
2024-12,완주군,2173.171575793682,1815.3635864370153,628,56,2
2024-12,익산시,2763.2710427531933,2293.052840691591,1183,85,2
2024-12,임실군,1906.2292955298014,1376.3157894736842,36,2,2
2024-12,장수군,3453.895196064482,3272.9230764749495,342,33,2
2024-12,전주시,2011.832260895222,1433.8765104790418,189,10,2
2024-12,정읍시,2848.9789596153846,2728.3695652173915,63,5,1
2024-12,진안군,2765.8820268722807,2501.922340909091,75,8,2
2025-01,고창군,2311.437074829932,2057.2916666666665,29,4,2
2025-01,김제시,2336.7915763557758,2197.6482677627714,219,24,2
2025-01,남원시,3684.344904781684,3314.2543237604896,1398,143,2
2025-01,무주군,750.0,,1,0,0
2025-01,순창군,2169.7635661800377,1997.0604209145426,100,10,2
2025-01,완주군,2060.8703741296586,2148.5525751151085,533,50,2
2025-01,익산시,2521.8946820576866,2264.120215673879,987,104,2
2025-01,임실군,2354.129508916002,2481.008583690987,70,8,2
2025-01,장수군,3726.8079948741142,3681.493048611111,167,18,2
2025-01,전주시,1786.2457421806853,1741.9080354752343,169,18,2
2025-01,정읍시,2918.2716871761654,3006.3194,61,4,2
2025-01,진안군,2440.4631039788965,2637.719298245614,47,4,1
2025-02,고창군,2456.648936170213,2095.108695652174,25,5,2
2025-02,김제시,2302.43010596689,2051.676796813403,226,30,3
2025-02,남원시,2937.0029255864542,2852.8601771025874,1526,199,3
2025-02,순창군,2209.669832098215,2161.825860248447,126,15,3
2025-02,완주군,1980.0709666408422,1934.5151203440385,637,82,3
2025-02,익산시,2470.7123781297273,2176.110905028499,957,128,3
2025-02,임실군,2682.597696921684,2642.8969359331477,37,5,3
2025-02,장수군,3023.0694425193165,2947.3535929519917,207,29,3
2025-02,전주시,1641.2922607881499,1588.7257400908338,191,30,3
2025-02,정읍시,2436.406875753012,2944.74358974359,66,6,3
2025-02,진안군,2125.112008064516,1600.4064756097562,29,4,2
2025-03,고창군,1992.9060626223093,,31,0,0
2025-03,군산시,2850.0,,1,0,0
2025-03,김제시,2133.0287284911224,2170.126433258643,270,34,3
2025-03,남원시,2588.086440330915,2744.501039608916,2046,219,3
2025-03,무주군,700.0,,1,0,0
2025-03,순창군,2076.548871005483,2122.1359888446214,167,22,3
2025-03,완주군,1961.220678201103,1956.1055318593794,716,84,3
2025-03,익산시,2357.2254546193576,2344.718641291205,1013,116,3
2025-03,임실군,2254.028041825095,2296.611253196931,52,8,3
2025-03,장수군,2944.0851764033337,3003.057942704626,255,31,3
2025-03,전주시,1762.303254312639,1679.4150942904603,233,30,3
2025-03,정읍시,1826.5774874923734,1870.3082706766918,115,13,3
2025-03,진안군,2158.747896711636,2762.087912087912,39,4,2
2025-04,고창군,2301.086956521739,,3,0,0
2025-04,김제시,2443.8726374173457,2505.617114569752,280,36,3
2025-04,남원시,2652.913874072618,2479.0652500037004,2064,238,3
2025-04,무주군,1405.141129032258,1786.71875,9,2,2
2025-04,순창군,2155.416916044354,2039.874520076482,157,19,3
2025-04,완주군,2165.019284321222,2030.3772469719352,733,81,3
2025-04,익산시,2427.1973431905176,2433.5409858248295,960,112,3
2025-04,임실군,2027.3027906870227,1754.7790194524496,66,7,3
2025-04,장수군,2876.0851130796764,2535.588820781893,327,38,3
2025-04,전주시,1795.2009629666861,1877.441815560567,257,32,3
2025-04,정읍시,2126.6705497214252,2011.4244087431694,126,17,3
2025-04,진안군,2073.654350632283,2289.920155403479,81,9,3
2025-05,김제시,2951.140953616919,3172.851058727034,313,22,2
2025-05,남원시,3497.9619814846374,4311.581238120733,1765,136,2
2025-05,무주군,1269.4444444444443,,13,0,0
2025-05,부안군,2005.6509945750452,,17,0,0
2025-05,순창군,3132.3345772851394,3978.7373171577124,175,14,2
2025-05,완주군,2663.0655270388825,3296.5404833400444,728,56,2
2025-05,익산시,3077.0942656638676,3032.519429558139,1068,86,2
2025-05,임실군,2779.1573452647276,3049.3630573248406,47,6,2
2025-05,장수군,3556.9947998377975,4719.915532755197,488,39,2
2025-05,전주시,2233.977237050772,2361.576575715859,259,20,2
2025-05,정읍시,1843.5103864216437,1916.971891379855,162,10,2
2025-05,진안군,3017.555558554541,4463.327107677903,226,12,2
2025-06,고창군,2561.4864864864867,,4,0,0
2025-06,김제시,2785.8556969006036,3080.8633832786886,298,23,2
2025-06,남원시,2884.8735700478846,3071.596447554135,1834,147,2
2025-06,무주군,2587.3427672955977,2126.0,42,4,2
2025-06,부안군,2092.100486348913,2305.7432432432433,48,4,2
2025-06,순창군,2491.6778030136484,2340.0736493428913,161,13,2
2025-06,완주군,2172.415671940268,2344.1508965743224,637,50,2
2025-06,익산시,2565.8077338225116,2741.28284214756,925,72,2
2025-06,임실군,3338.3333333333335,1490.1960784313726,11,2,2
2025-06,장수군,2696.7782009828184,2635.471393732749,563,45,2
2025-06,전주시,1917.500289203417,1843.0254536290322,203,19,2
2025-06,정읍시,1603.9510463938793,2021.4088397790056,128,13,2
2025-06,진안군,2801.8171597314445,2998.7627639999996,298,19,2
2025-07,고창군,3830.807398645789,2905.7189346405225,48,5,3
2025-07,군산시,5374.808282208589,7765.0,22,2,2
2025-07,김제시,4165.837258394829,4580.224043913714,376,48,3
2025-07,남원시,5495.355967202838,5114.20199259006,1992,219,3
2025-07,무주군,2403.2397959183672,4200.0,40,2,2
2025-07,부안군,3337.5271721215395,3949.4935935765266,140,16,3
2025-07,순창군,4389.406877713609,4271.729601832994,172,21,3
2025-07,완주군,3595.894517784103,3928.5129605,601,69,3
2025-07,익산시,4371.593471136541,4502.779614887207,1100,126,3
2025-07,임실군,3953.6308771977647,4348.420287539936,95,11,3
2025-07,장수군,5018.9147134598215,4839.591406399179,785,90,3
2025-07,전주시,3382.101928823843,3548.5640163694825,214,22,3
2025-07,정읍시,3674.7997153700194,4028.491909722222,106,10,3
2025-07,진안군,4723.582628846535,5023.127474483298,559,64,3
2025-08,고창군,5943.716818620117,6316.949152542373,72,11,3
2025-08,군산시,6801.987281399046,7453.571428571428,26,2,2
2025-08,김제시,5819.903389073442,4948.716261288685,313,41,3
2025-08,남원시,6949.059322781676,6748.574027421706,1778,224,3
2025-08,무주군,2991.370673952641,3738.5036496350367,42,10,2
2025-08,부안군,4065.9617490164,3777.867405230978,109,13,3
2025-08,순창군,6237.28471702945,6322.096562189055,147,16,3
2025-08,완주군,5310.640925203941,5357.147513387604,538,63,3
2025-08,익산시,5716.994656418812,5355.333548291325,1050,129,3
2025-08,임실군,5082.871928952772,4912.6855337972165,81,7,3
2025-08,장수군,6146.888172979827,5789.309678380222,764,90,3
2025-08,전주시,4436.471065879686,3810.193588405797,176,29,3
2025-08,정읍시,4533.862661723819,4661.692175243394,101,15,3
2025-08,진안군,6374.92340473079,5710.219980382382,602,82,3
2025-09,고창군,11529.585382993675,13796.470588235294,21,2,2
2025-09,군산시,10725.0,,1,0,0
2025-09,김제시,8494.087888279942,8125.508942113648,274,31,3
2025-09,남원시,9634.271080166835,9971.622000593834,1879,226,3
2025-09,무주군,5658.053097345132,6807.207207207207,52,6,3
2025-09,부안군,7674.910703575586,7724.6577715605745,143,16,3
2025-09,순창군,9135.584222396787,9887.907660685152,183,18,3
2025-09,완주군,7789.2194346169545,8342.994032647304,642,73,3
2025-09,익산시,9291.844910815667,9563.097702147277,988,123,3
2025-09,임실군,6902.501149201943,7692.913385826771,44,6,3
2025-09,장수군,9264.260903173394,9832.17492902098,815,94,3
2025-09,전주시,7017.26549468575,8524.791533261026,178,18,3
2025-09,정읍시,7420.766778993436,7552.536794117646,66,7,2
2025-09,진안군,9014.90778833637,8978.468873729333,544,71,3
2025-10,고창군,8597.100416966212,9286.654804270464,44,6,2
2025-10,김제시,7218.613172930771,5550.6058158319875,178,16,2
2025-10,남원시,8779.068786652764,8277.85038105873,1753,160,3
2025-10,무주군,6016.057233704292,3020.8333333333335,46,2,2
2025-10,부안군,5932.006262363996,4290.0113955479455,49,8,2
2025-10,순창군,6503.990991527437,4819.451064230343,183,12,2
2025-10,완주군,5760.662421863661,5138.767629136453,556,39,2
2025-10,익산시,7660.512433739822,7269.468646624447,1031,88,3
2025-10,임실군,5709.926603118161,4354.6398891966755,42,7,2
2025-10,장수군,8487.698129703776,7868.801158486707,728,62,2
2025-10,전주시,5910.571986956192,5687.054218572587,177,14,2
2025-10,정읍시,5696.295513902681,3666.25,65,4,2
2025-10,진안군,7480.572500976271,6762.422583686095,396,30,2
2025-11,고창군,4101.880194129503,3712.3711340206187,93,12,3
2025-11,김제시,2767.951735453523,3089.363663265306,173,17,3
2025-11,남원시,4549.164409205892,4644.538662141899,1738,206,3
2025-11,무주군,1844.7368421052631,,13,0,0
2025-11,부안군,2585.70474262226,2134.823778455285,42,4,1
2025-11,순창군,3403.711898252427,3902.092933017592,154,15,3
2025-11,완주군,2570.37342557398,2559.0539515158357,646,75,3
2025-11,익산시,2788.7181011472926,3296.4961603801007,1080,131,3
2025-11,임실군,3519.9918486997635,3748.97112345679,29,4,2
2025-11,장수군,4804.0296234748575,5443.30447806354,473,56,3
2025-11,전주시,2687.8446706058685,2410.6895652173916,166,25,3
2025-11,정읍시,2494.3434627831716,2706.1248192482644,98,12,3
2025-11,진안군,4572.54479571737,4373.819259649123,241,31,3
2025-12,고창군,3303.4867721822543,2574.8451663568776,57,6,3
2025-12,김제시,3011.798106108814,2850.132802124834,201,23,3
2025-12,남원시,4343.0394857888805,3903.319035681665,1835,203,3
2025-12,무주군,1544.3820224719102,,4,0,0
2025-12,부안군,2776.619913877953,1813.556338028169,52,7,2
2025-12,순창군,3092.5136840476193,2681.2836161490686,170,19,3
2025-12,완주군,2584.0212860650677,2344.906284025223,668,70,3
2025-12,익산시,3350.664140904327,3021.1995738969104,1214,135,3
2025-12,임실군,2623.2523353580564,1680.1470588235295,28,2,2
2025-12,장수군,4243.4345378812195,4208.534775713213,379,45,3
2025-12,전주시,2282.5368454494137,2226.2773088384693,183,17,3
2025-12,정읍시,2261.391806541267,2110.855891891892,95,4,2
2025-12,진안군,4293.315431699463,4086.420118343195,100,11,3
2026-01,고창군,5502.989572533516,9598.954248366013,46,5,2
2026-01,군산시,6535.277777777777,,6,0,0
2026-01,김제시,5196.279278302962,6015.077160609613,233,22,2
2026-01,남원시,7142.651679581366,9576.972255321069,1671,144,2
2026-01,무주군,2500.0,,1,0,0
2026-01,부안군,4649.17872716895,6647.382958677686,52,4,2
2026-01,순창군,5721.986577009286,6950.977615904366,185,15,2
2026-01,완주군,5003.740802495498,6589.7810918810555,657,46,2
2026-01,익산시,5779.381791400073,7877.918119647497,1142,87,2
2026-01,임실군,5637.865691489362,,30,0,0
2026-01,장수군,6725.199260614509,9880.275708633093,259,23,2
2026-01,전주시,4760.690664589133,5026.76292074199,188,15,2
2026-01,정읍시,5538.089370409234,6343.03125,55,6,2
2026-01,진안군,9599.387144010767,11273.02290625,47,5,2
2026-02,고창군,2800.0117810734464,875.0,17,2,1
2026-02,김제시,2394.077785452323,2222.086966356674,220,22,2
2026-02,남원시,3988.9471039488035,3705.041706606305,1404,153,3
2026-02,부안군,2196.633527284264,2838.235294117647,39,3,1
2026-02,순창군,3131.981535058083,2974.7572683720928,165,19,2
2026-02,완주군,2569.7361627915902,2295.0490727658907,556,58,3
2026-02,익산시,2624.1947825874468,2320.6686324355132,892,81,3
2026-02,임실군,2755.498059508409,696.7741935483871,16,2,1
2026-02,장수군,3492.05140178025,2566.4262000000003,183,18,2
2026-02,전주시,2119.0384067722352,2226.113251680672,152,13,3
2026-02,정읍시,3003.8244321592165,2865.703125,69,10,3
2026-02,진안군,5898.430493273542,4333.333333333333,20,2,2
2026-03,고창군,1746.171162972973,1850.8982035928143,43,3,1
2026-03,김제시,1953.9411428960366,1994.659575531915,281,17,2
2026-03,남원시,2760.6141620533845,2724.1436437679313,1879,141,2
2026-03,무주군,1388.4615384615386,,3,0,0
2026-03,부안군,1200.3971105974395,875.0,69,2,1
2026-03,순창군,2268.4192276623417,2260.7006341248903,221,19,2
2026-03,완주군,1854.9080029288227,1855.2698964395279,676,50,2
2026-03,익산시,2069.6955387507364,2222.799542111532,1005,72,2
2026-03,임실군,2128.5714285714284,,8,0,0
2026-03,장수군,2589.0155116821456,2991.2608301245755,249,20,2
2026-03,전주시,1764.8413568578435,1711.3066431398415,168,12,2
2026-03,정읍시,1865.5563384287238,1802.222191919192,93,5,2
2026-03,진안군,3879.0697674418607,4081.25,27,2,2
2026-04,고창군,1737.3443961748633,3300.0,17,1,1
2026-04,김제시,2264.956391205186,2815.410894206549,306,24,2
2026-04,남원시,2967.4162069034032,3080.131603136193,1796,141,2
2026-04,무주군,1626.6304347826087,1150.0,5,1,1
2026-04,부안군,1766.867469879518,2000.0,24,1,1
2026-04,순창군,2655.7901914871363,2888.9691909722223,217,21,2
2026-04,완주군,2304.299254777779,2393.160523853749,689,51,2
2026-04,익산시,2473.2034032635834,2503.850053072626,897,70,2
2026-04,장수군,3307.2997889650487,3166.346486142322,358,24,2
2026-04,전주시,1886.367199841953,1845.884574074074,210,14,2
2026-04,정읍시,1851.1826790820703,1630.351462585034,110,10,2
2026-04,진안군,4349.497311624522,3694.017094017094,49,4,2
2026-05,김제시,2635.7562405337594,2512.658422520661,378,42,3
2026-05,남원시,2864.2691519848336,2949.356449168256,1556,184,3
2026-05,무주군,1232.299281021898,,11,0,0
2026-05,부안군,2020.408163265306,,6,0,0
2026-05,순창군,2712.194691402144,2649.3726697556863,192,23,3
2026-05,완주군,2328.9204724705187,2281.54217950577,661,78,3
2026-05,익산시,2569.6269196257304,2546.6438776840823,949,102,3
2026-05,장수군,2605.1821566715657,2504.6765760087437,498,59,3
2026-05,전주시,2232.163981999167,1986.1048704552898,200,26,3
2026-05,정읍시,1585.5043071099944,1339.293756097561,130,13,3
2026-05,진안군,2398.852779031547,2334.688333139535,111,15,3
2026-06,김제시,4311.9372712018885,4119.694999443207,320,38,3
2026-06,남원시,3385.2149905484007,3191.478502999379,1796,220,3
2026-06,무주군,2736.1788617886177,1875.0,11,2,1
2026-06,부안군,2853.4195933456563,2404.8507462686566,38,2,2
2026-06,순창군,3267.083904483886,3199.44861919369,249,32,3
2026-06,완주군,3017.3896194790113,2915.402206946076,628,81,3
2026-06,익산시,3807.32084040743,3480.436572490777,868,104,3
2026-06,임실군,7518.8755020080325,2200.0,5,1,1
2026-06,장수군,3243.615833091855,3152.111003986571,554,68,3
2026-06,전주시,2825.7551378994785,3069.6174249999995,156,15,3
2026-06,정읍시,1916.2315028117766,1939.846238095238,103,9,3
2026-06,진안군,4256.827021598365,3991.1446068207447,230,27,3
2026-07,고창군,2665.119043355482,2021.6056226415094,40,8,2
2026-07,김제시,4908.126981644847,5712.814767416935,328,21,2
2026-07,남원시,5677.731376885298,5897.103125000001,1947,141,2
2026-07,무주군,2995.533055390113,3018.181818181818,45,3,2
2026-07,부안군,3043.050632224937,3040.1768834211257,155,10,2
2026-07,순창군,4363.790586531945,4751.935763888889,196,11,2
2026-07,완주군,4162.552353530708,5073.271578066186,590,43,2
2026-07,익산시,4701.652596906164,5518.457615837001,1075,83,2
2026-07,임실군,3811.1419922885007,2680.8659217877093,59,3,2
2026-07,장수군,5234.523622734788,5292.721703833507,719,58,2
2026-07,전주시,3475.304201318512,3740.3691151504295,194,13,2
2026-07,정읍시,4707.261842978552,5356.300016,76,5,2
2026-07,진안군,5312.5909458991755,6705.421360431217,491,42,2
2026-08,고창군,3277.3116438356165,,3,0,0
2026-08,김제시,5870.5872935927,5193.5191930313595,75,9,1
2026-08,남원시,6342.130337613538,5356.017487524834,497,72,1
2026-08,무주군,3995.8015267175574,4352.777777777777,11,2,1
2026-08,부안군,3601.147279582255,3512.677765919282,49,6,1
2026-08,순창군,7171.069510899944,6945.802485185185,36,6,1
2026-08,완주군,4716.241410982705,4168.478943740532,134,22,1
2026-08,익산시,5083.616808958424,3785.315807635073,312,46,1
2026-08,임실군,4878.148485908488,3971.4884393063585,41,7,1
2026-08,장수군,6127.206321932928,5314.545315908067,227,30,1
2026-08,전주시,3825.7321359412595,2730.2234867197876,50,7,1
2026-08,정읍시,5043.795231766613,5828.192771084337,21,3,1
2026-08,진안군,5614.726569973473,4440.068862094215,124,22,1
