unit,rel,q,nwk,county,eup,lq,y
고창군|고창군,0.8986534518201346,52541.00000000003,108.0,고창군,고창군,10.869349096176029,-0.15045577005459054
고창군|고창읍,1.2141615295577681,168209.00000000003,251.0,고창군,고창읍,12.032962532818392,0.15045577005459054
김제시|공덕면,1.0836363321695324,716590.8,394.0,김제시,공덕면,13.482260245367005,0.0702927312806987
김제시|김제시,1.0258786681157486,721838.7000000001,194.0,김제시,김제시,13.48955698571364,0.015519854038567172
김제시|김제우체국사서함,1.029950595508794,356383.89999999985,288.0,김제시,김제우체국사서함,12.783763799596576,0.019481207045768237
김제시|백구면,1.0514109401630907,81755.20000000007,269.0,김제시,백구면,11.311484695299253,0.040103386158296006
김제시|요촌동111∼378,0.8530224845681572,44592.000000000015,138.0,김제시,요촌동111∼378,10.70530974972173,-0.1689990009578618
김제시|용지면,1.0342033818131555,596398.1999999996,399.0,김제시,용지면,13.298663843759513,0.02360182243453169
남원시|금동,0.8318072034349758,40891.59999999998,325.0,남원시,금동,10.618679941964638,-0.2752617099612392
남원시|금지면,1.1011175117624483,15062330.60000001,450.0,남원시,금지면,16.527707522678877,0.005218465584216514
남원시|남원시,1.1380624785969342,3274301.5000000014,366.0,남원시,남원시,15.001615121860807,0.0382201179964525
남원시|남원우체국사서함,1.121631825725154,3223075.899999998,450.0,남원시,남원우체국사서함,14.985846710008344,0.023677493878629385
남원시|동충동,1.0922971596642719,5342845.600000001,450.0,남원시,동충동,15.491268952899306,-0.0028241537685796125
남원시|산내면,1.2318117312336607,71861.99999999997,164.0,남원시,산내면,11.182502892175561,0.11737891956985727
남원시|산동면,1.268499097679488,81573.99999999997,162.0,남원시,산동면,11.309265862728706,0.14672727042131212
남원시|송동면,0.8874322630504855,203355.1999999999,403.0,남원시,송동면,12.222709482682873,-0.21053020217562612
남원시|수지면,1.082955735565833,5403234.000000003,450.0,남원시,수지면,15.50250822116101,-0.011413023177030981
남원시|아영면,1.2387000225839073,2679688.7000000007,450.0,남원시,아영면,14.801211189023908,0.12295534250306936
남원시|운봉읍,1.0789502868583114,1311656.6999999995,213.0,남원시,운봉읍,14.08680155266144,-0.015118506439557353
남원시|인월면,1.1642500011584718,687753.6999999997,447.0,남원시,인월면,13.441186058634218,0.0609699855684962
무주군|무주군,0.9490273379614644,30952.299999999992,175.0,무주군,무주군,10.340202588760361,0.1554880920992966
무주군|무주읍,0.6953820599875359,34689.800000000025,251.0,무주군,무주읍,10.454200974596931,-0.1554880920992966
부안군|부안군,0.9815250302761782,415383.0000000001,164.0,부안군,부안군,12.936956265176516,-0.03534766612001344
부안군|부안읍,1.0534258514341752,85748.00000000006,186.0,부안군,부안읍,11.359168041141027,0.03534766612001344
순창군|순창군,1.003101449606426,164600.0000000001,172.0,순창군,순창군,12.011273567225107,0.0034400017591281187
순창군|순창읍,1.0032442099057701,1718789.7000000011,450.0,순창군,순창읍,14.357130938312078,0.0035823105371874807
순창군|적성면,0.9926613960014867,244930.4999999998,397.0,순창군,적성면,12.408729775814546,-0.007022312296315599
완주군|고산면,0.9318029445304704,878143.9999999998,422.0,완주군,고산면,13.685565868280847,0.0014297062080488865
완주군|봉동읍,0.8998988518093136,3056705.0999999978,450.0,완주군,봉동읍,14.932848129095087,-0.03340928308534159
완주군|비봉면,0.9954623102217353,26804.999999999978,162.0,완주군,비봉면,10.196343716261637,0.06751560942336904
완주군|삼례읍,0.8563333707827765,11662535.799999999,450.0,완주군,삼례읍,16.271892193800763,-0.08303190104114078
완주군|완주군,1.0463887603083082,1124606.2000000004,436.0,완주군,완주군,13.932943487896356,0.11740858613443562
완주군|용진면,0.8676417816922634,2559866.3000000017,450.0,완주군,용진면,14.755465588529391,-0.06991271763937121
익산시|갈산동,1.0522494413899643,515327.49999999994,239.0,익산시,갈산동,13.152557899863046,0.017224170961108072
익산시|금마면,0.9954758537559725,44054.000000000015,110.0,익산시,금마면,10.693171433144103,-0.03824043800066926
익산시|망성면,1.059034191475548,3516221.7000000007,449.0,익산시,망성면,15.072897590406855,0.02365132583078427
익산시|목천동,1.0843340833887019,4756630.500000001,449.0,익산시,목천동,15.375050097392304,0.04726002370783713
익산시|여산면,0.973181855840977,48124.00000000001,207.0,익산시,여산면,10.781536292153415,-0.060890338895103736
익산시|익산시,1.046839243493081,35994285.899999976,449.0,익산시,익산시,17.398870758822238,0.012069353143368204
익산시|익산우체국사서함,1.0193033200017219,2491460.829999998,447.0,익산시,익산우체국사서함,14.728379775127072,-0.01458665250945312
익산시|함열읍,1.0483511353514376,350206.0,138.0,익산시,함열읍,12.766276831753938,0.013512555762128432
임실군|임실군,1.003936973532732,63152.0,111.0,임실군,임실군,11.053299797902628,0.0
장수군|계남면,1.1985475532811822,2488152.999999999,446.0,장수군,계남면,14.727051226127305,0.07486804047580334
장수군|번암면,1.2479898951067523,772507.9000000004,415.0,장수군,번암면,13.557397514238964,0.11529176208451014
장수군|산서면,1.0908995620346602,110084.29999999996,323.0,장수군,산서면,11.60900171490425,-0.01923976881043675
장수군|장계면,0.9182680193947493,39135.30000000002,226.0,장수군,장계면,10.574780151981884,-0.19150838180906724
장수군|장수군,1.0740793011354015,1209243.0000000007,438.0,장수군,장수군,14.005505101956464,-0.03477858041571388
장수군|장수읍,1.173668199238477,1704016.499999999,450.0,장수군,장수읍,14.348498669423108,0.05389164634178789
장수군|천천면,1.113733286402804,20115.49999999998,126.0,장수군,천천면,9.909245941146793,0.0014752821331164984
전주시|고랑동,0.6765877669948344,90879.59999999995,370.0,전주시,고랑동,11.41729083253684,-0.353964800898717
전주시|동산동,1.1713209357768453,177640.99999999994,413.0,전주시,동산동,12.08751993875295,0.19486041891466357
전주시|서노송동,1.0482030476687352,192878.8999999999,447.0,전주시,서노송동,12.169817809811,0.08380561692199309
전주시|송천동2가,1.0975532311550746,3363226.399999999,449.0,전주시,송천동2가,15.028411309300944,0.1298116689967164
전주시|송천동2가401∼599,0.8832300283680408,21160.500000000007,114.0,전주시,송천동2가401∼599,9.959891515182667,-0.08744130251205243
전주시|전주시,0.9962073070601974,159824.99999999994,287.0,전주시,전주시,11.981834745634927,0.0329283985773964
정읍시|농소동,1.248254775104568,38498.74999999999,314.0,정읍시,농소동,10.558381052216326,0.3181649015227417
정읍시|수성동,0.6606154310104396,65153.40000000003,288.0,정읍시,수성동,11.084499768451453,-0.3181649015227417
진안군|동향면,1.3125096989972638,280566.7000000001,252.0,진안군,동향면,12.544566765338727,0.10885779118897523
진안군|부귀면,1.2064918137104435,36161.50000000003,146.0,진안군,부귀면,10.495750295946632,0.02463350692532576
진안군|진안군,1.0465352121452978,586633.5999999997,278.0,진안군,진안군,13.282155713121371,-0.11759840410678812
진안군|진안읍,1.1585745577612752,1226962.000000001,433.0,진안군,진안읍,14.020051753368323,-0.015892894007512842
