year,ym,month,actual,prob_model,prob_base,prob_freq,price,thr
2020,2020-01,1,1,0.07156451590661694,0.22674415521618196,0.0,5429.134747246954,4020.102409422674
2020,2020-02,2,0,0.19086039262421983,0.22674415521618196,0.0,1875.8211757685644,3042.0124104600873
2020,2020-03,3,0,0.07599168897129571,0.22674415521618196,0.0,2118.7369629257355,2806.8859171556223
2020,2020-04,4,0,0.07276619633878167,0.22674415521618196,0.0,1862.5352573469902,3104.730559499118
2020,2020-05,5,0,0.17373161485282718,0.22674415521618263,0.0,2051.136898837326,3381.8974323434772
2020,2020-06,6,1,0.5300779424093593,0.22674415521618196,0.0,3268.6995564136746,2705.508631104268
2020,2020-07,7,1,0.38881232543433886,0.22674415521618196,0.0,4956.744418825206,4206.026930861211
2020,2020-08,8,1,0.17950869350635879,0.22674415521618196,0.0,8769.912334960325,6744.014534131048
2020,2020-09,9,0,0.030651829458660518,0.22674415521618196,0.0,5595.552317583876,11002.709553699837
2020,2020-10,10,0,0.061772983097562295,0.22674415521618352,0.5,1849.4476930669389,6565.696125791583
2020,2020-11,11,0,0.31476278456380924,0.22674415521618196,0.5,1891.2961732259525,3160.823904716954
2020,2020-12,12,0,0.37003535844736435,0.22674415521618263,0.0,3392.411398243555,3707.9022801965657
2021,2021-01,1,0,0.22057001022379885,0.25047859858433197,0.3333333333333333,4954.457486240421,5032.693330088796
2021,2021-02,2,1,0.4243713836106404,0.25047859858433197,0.3333333333333333,2872.576074001912,2840.864116473103
2021,2021-03,3,0,0.14532122884152587,0.25047859858433197,0.0,2478.990558100337,2789.3766287049007
2021,2021-04,4,0,0.1303719202377025,0.25047859858433197,0.0,2763.607534150208,2876.918984516441
2021,2021-05,5,0,0.2340901255476744,0.25047859858433275,0.0,2829.6170557314217,3143.4242777251598
2021,2021-06,6,1,0.36213515197208035,0.25047859858433197,0.3333333333333333,3660.291718602072,3220.108895182105
2021,2021-07,7,1,0.22458452715384325,0.25047859858433197,0.3333333333333333,4959.4139282548795,4951.940535398397
2021,2021-08,8,0,0.07757805646996307,0.25047859858433197,0.3333333333333333,6940.920348891039,8296.305034570174
2021,2021-09,9,1,0.053905578177135594,0.25047859858433197,0.3333333333333333,10429.424886633999,9759.879040086238
2021,2021-10,10,1,0.28119336952698004,0.25047859858433197,0.3333333333333333,7873.187778150406,5178.558084190062
2021,2021-11,11,1,0.28154275345148605,0.25047859858433197,0.3333333333333333,3326.376656871949,2926.777611542549
2021,2021-12,12,0,0.029210076538289442,0.25047859858433197,0.0,3156.5055006691136,3941.979792703251
2022,2022-01,1,0,0.02725120090244082,0.21964736829022935,0.25,4413.221046371992,5384.718680594734
2022,2022-02,2,0,0.3467723858241859,0.21964736829023024,0.0,2388.844128945247,3064.2353114054486
2022,2022-03,3,0,0.16915280370950603,0.21964736829023024,0.0,2571.9956423602225,2897.704402911285
2022,2022-04,4,0,0.16973201789705206,0.21964736829023024,0.0,2994.042786213555,3055.861686986149
2022,2022-05,5,0,0.2765854301563164,0.21964736829023024,0.0,2678.9877538690944,3277.193751406582
2022,2022-06,6,1,0.31204109568808414,0.21964736829022868,0.25,3940.81032938482,3604.676479932252
2022,2022-07,7,1,0.2389159010824472,0.21964736829022935,0.0,8717.36579152674,5325.764928231634
2022,2022-08,8,1,0.23218354948108044,0.21964736829022935,0.25,9334.05959656495,8478.027889317216
2022,2022-09,9,0,0.0636865714369983,0.21964736829022935,0.0,5183.528037556411,10709.472368220728
2022,2022-10,10,0,0.04541832359861009,0.21964736829022935,0.5,3193.091077130624,6442.704591041428
2022,2022-11,11,0,0.34105093434304645,0.21964736829023024,0.25,2021.7473338783602,3276.155622140295
2022,2022-12,12,1,0.24478279844181683,0.21964736829022935,0.0,5293.6213797743285,3982.349132244901
2023,2023-01,1,1,0.18663349481641678,0.21440495396612635,0.0,5635.268974229032,5455.212416532506
2023,2023-02,2,1,0.3932329697780307,0.21440495396612635,0.0,3858.1326898911652,3072.487722650123
2023,2023-03,3,1,0.12102833672755076,0.21440495396612635,0.0,3240.86295780888,2986.882389342686
2023,2023-04,4,0,0.11092032403070085,0.21440495396612702,0.0,2941.381723835698,3223.1404740044436
2023,2023-05,5,0,0.20813697607601434,0.21440495396612547,0.0,2583.767923563818,3318.2918171312303
2023,2023-06,6,0,0.25819436369931925,0.21440495396612635,0.2,3414.483668005468,3908.3518695858543
2023,2023-07,7,1,0.1861505542867743,0.21440495396612635,0.2,9908.288684272804,6527.127048382259
2023,2023-08,8,0,0.34069460064796797,0.21440495396612635,0.2,6760.758594082711,9209.277806560662
2023,2023-09,9,0,0.022799205388882582,0.2144049539661279,0.4,7110.862453302893,9915.295184341248
2023,2023-10,10,0,0.08496147120334585,0.21440495396612635,0.4,5402.425738298887,5984.367352887105
2023,2023-11,11,1,0.5048712326036113,0.21440495396612702,0.4,3733.202739079418,3146.5788045206095
2023,2023-12,12,0,0.12803063796219694,0.21440495396612635,0.2,3197.7034162891396,4562.220864537247
2024,2024-01,1,0,0.07046621062169955,0.19822221353376257,0.0,4570.4348945145875,5766.985291526711
2024,2024-02,2,0,0.30451881657284996,0.19822221353376168,0.16666666666666666,2852.9349417949984,3396.335185018188
2024,2024-03,3,1,0.19031437165133358,0.19822221353376168,0.16666666666666666,3597.1515302734006,3191.2556319774953
2024,2024-04,4,0,0.20242974002083636,0.19822221353376257,0.0,2349.713453158933,3323.2497685014373
2024,2024-05,5,0,0.22517293503015234,0.19822221353376257,0.0,2434.4695442060793,3325.0595643815186
2024,2024-06,6,0,0.23889491400071938,0.19822221353376257,0.0,2719.982027459428,3996.764686056064
2024,2024-07,7,0,0.15453930792205073,0.19822221353376257,0.3333333333333333,6727.132420253499,7586.068421910991
2024,2024-08,8,0,0.18981696297067707,0.19822221353376257,0.16666666666666666,8191.573887893983,9139.229200851805
2024,2024-09,9,1,0.14991759381163972,0.19822221353376257,0.3333333333333333,13738.364993395764,9803.432851833335
2024,2024-10,10,1,0.49714931176811106,0.19822221353376257,0.3333333333333333,10895.175032584173,6157.498370704014
2024,2024-11,11,1,0.4348303085892393,0.19822221353376257,0.16666666666666666,3801.536703595846,3431.0095972343825
2024,2024-12,12,0,0.023085182768096235,0.19822221353376257,0.16666666666666666,2958.14451707206,4494.686460643685
2025,2025-01,1,0,0.028867801764886014,0.18930677278655494,0.0,2719.5840494402237,5791.925301718462
2025,2025-02,2,0,0.19761883563600335,0.18930677278655406,0.14285714285714285,2469.6320755502443,3440.9752192060896
2025,2025-03,3,0,0.20243574274884035,0.18930677278655494,0.14285714285714285,2334.651159789205,3403.4043973171993
2025,2025-04,4,0,0.19482806221168314,0.18930677278655494,0.0,2441.986572033717,3284.8751571593193
2025,2025-05,5,0,0.25852094597156317,0.18930677278655572,0.0,3137.920090739271,3302.1668276795735
2025,2025-06,6,0,0.27538404207739164,0.18930677278655494,0.14285714285714285,2645.749172168401,3930.937821719091
2025,2025-07,7,0,0.08810773558780816,0.18930677278655494,0.2857142857142857,4741.949470621636,7751.668953970783
2025,2025-08,8,0,0.145477112465349,0.18930677278655494,0.0,6160.347230546031,9354.917322767573
2025,2025-09,9,0,0.2913057706877811,0.1893067727865566,0.14285714285714285,9154.278932355857,10954.353086059215
2025,2025-10,10,1,0.5786955738484624,0.18930677278655494,0.2857142857142857,7874.734538561112,7301.245395226216
2025,2025-11,11,0,0.5534021413207577,0.18930677278655572,0.2857142857142857,3483.1902274208023,3646.8650425829846
2025,2025-12,12,0,0.07698930026786122,0.18930677278655494,0.14285714285714285,3526.06682159327,4401.958090865112
2026,2026-01,1,1,0.04096550441204405,0.18426868961885423,0.125,5987.152825739163,5509.86704703769
2026,2026-02,2,0,0.3312335474313073,0.18426868961885423,0.125,3003.3342065198044,3412.168529082243
2026,2026-03,3,0,0.1208708600805879,0.18426868961885512,0.125,2237.818212810937,3357.3596611182948
2026,2026-04,4,0,0.12365656579458939,0.18426868961885423,0.0,2602.622952230404,3271.0885804698837
2026,2026-05,5,0,0.2519759094639502,0.18426868961885345,0.0,2631.8652864843975,3399.307988964759
2026,2026-06,6,0,0.24923491867082537,0.18426868961885345,0.125,3455.891174080509,3869.50483448157
2026,2026-07,7,0,0.07883748964435844,0.18426868961885423,0.25,5119.532767572748,7553.277123700452
